DATAFLOW,LAST UPDATE,freq,nace_r2,indic_sb,unit,geo,TIME_PERIOD,OBS_VALUE,OBS_FLAG
ESTAT:EGI_EM1(1.0),19/02/21 11:00:00,A,B-N_S95_X_K,V16110,PC_TOT,AT,2008,18.67,
ESTAT:EGI_EM1(1.0),19/02/21 11:00:00,A,B-N_S95_X_K,V16110,PC_TOT,AT,2009,18.69,
ESTAT:EGI_EM1(1.0),19/02/21 11:00:00,A,B-N_S95_X_K,V16110,PC_TOT,AT,2010,18.78,
ESTAT:EGI_EM1(1.0),19/02/21 11:00:00,A,B-N_S95_X_K,V16110,PC_TOT,AT,2011,19.45,
ESTAT:EGI_EM1(1.0),19/02/21 11:00:00,A,B-N_S95_X_K,V16110,PC_TOT,AT,2012,19.26,
ESTAT:EGI_EM1(1.0),19/02/21 11:00:00,A,B-N_S95_X_K,V16110,PC_TOT,AT,2013,19.45,
ESTAT:EGI_EM1(1.0),19/02/21 11:00:00,A,B-N_S95_X_K,V16110,PC_TOT,AT,2014,19.75,
ESTAT:EGI_EM1(1.0),19/02/21 11:00:00,A,B-N_S95_X_K,V16110,PC_TOT,AT,2015,19.9,
ESTAT:EGI_EM1(1.0),19/02/21 11:00:00,A,B-N_S95_X_K,V16110,PC_TOT,AT,2016,20.39,
ESTAT:EGI_EM1(1.0),19/02/21 11:00:00,A,B-N_S95_X_K,V16110,PC_TOT,AT,2017,20.88,
ESTAT:EGI_EM1(1.0),19/02/21 11:00:00,A,B-N_S95_X_K,V16110,PC_TOT,AT,2018,21.01,
ESTAT:EGI_EM1(1.0),19/02/21 11:00:00,A,B-N_S95_X_K,V16110,PC_TOT,BA,2013,19.68,
ESTAT:EGI_EM1(1.0),19/02/21 11:00:00,A,B-N_S95_X_K,V16110,PC_TOT,BA,2014,19.36,
ESTAT:EGI_EM1(1.0),19/02/21 11:00:00,A,B-N_S95_X_K,V16110,PC_TOT,BA,2016,20.2,
ESTAT:EGI_EM1(1.0),19/02/21 11:00:00,A,B-N_S95_X_K,V16110,PC_TOT,BA,2017,12.8,
ESTAT:EGI_EM1(1.0),19/02/21 11:00:00,A,B-N_S95_X_K,V16110,PCH_1Y,BE,2011,0.59,
ESTAT:EGI_EM1(1.0),19/02/21 11:00:00,A,B-N_S95_X_K,V16110,PCH_1Y,BE,2012,-3.03,
ESTAT:EGI_EM1(1.0),19/02/21 11:00:00,A,B-N_S95_X_K,V16110,PCH_1Y,BE,2013,-3.38,
ESTAT:EGI_EM1(1.0),19/02/21 11:00:00,A,B-N_S95_X_K,V16110,PCH_1Y,BE,2014,-1.4,
ESTAT:EGI_EM1(1.0),19/02/21 11:00:00,A,B-N_S95_X_K,V16110,PCH_1Y,BE,2015,-0.64,
ESTAT:EGI_EM1(1.0),19/02/21 11:00:00,A,B-N_S95_X_K,V16110,PCH_1Y,BE,2016,-12.15,
,,,,,,,,,
,,,,,,,,,
,,,,,,,,,
,,,,,,,,,
,,,,,,,,,
,,,,,,,,,
,,,,,,,,,
,,,,,,,,,
,,,,,,,,,
,,,,,,,,,
ESTAT:EGI_EM1(1.0),19/02/21 11:00:00,A,B-N_S95_X_K,V16110,PC_TOT,BG,2008,13.17,
ESTAT:EGI_EM1(1.0),19/02/21 11:00:00,A,B-N_S95_X_K,V16110,PC_TOT,BG,2009,12.91,
ESTAT:EGI_EM1(1.0),19/02/21 11:00:00,A,B-N_S95_X_K,V16110,PC_TOT,BG,2010,13.69,
ESTAT:EGI_EM1(1.0),19/02/21 11:00:00,A,B-N_S95_X_K,V16110,PC_TOT,BG,2011,14.34,
ESTAT:EGI_EM1(1.0),19/02/21 11:00:00,A,B-N_S95_X_K,V16110,PC_TOT,BG,2012,14.41,
ESTAT:EGI_EM1(1.0),19/02/21 11:00:00,A,B-N_S95_X_K,V16110,PC_TOT,BG,2013,14.8,
ESTAT:EGI_EM1(1.0),19/02/21 11:00:00,A,B-N_S95_X_K,V16110,PC_TOT,BG,2014,16.29,
ESTAT:EGI_EM1(1.0),19/02/21 11:00:00,A,B-N_S95_X_K,V16110,PC_TOT,BG,2015,15.99,
ESTAT:EGI_EM1(1.0),19/02/21 11:00:00,A,B-N_S95_X_K,V16110,PC_TOT,BG,2016,15.74,
ESTAT:EGI_EM1(1.0),19/02/21 11:00:00,A,B-N_S95_X_K,V16110,PC_TOT,BG,2017,15.98,
ESTAT:EGI_EM1(1.0),19/02/21 11:00:00,A,B-N_S95_X_K,V16110,PC_TOT,BG,2018,17.27,
ESTAT:EGI_EM1(1.0),19/02/21 11:00:00,A,B-N_S95_X_K,V16110,PC_TOT,CY,2008,4.65,
ESTAT:EGI_EM1(1.0),19/02/21 11:00:00,A,B-N_S95_X_K,V16110,PC_TOT,CY,2009,4.44,
ESTAT:EGI_EM1(1.0),19/02/21 11:00:00,A,B-N_S95_X_K,V16110,PC_TOT,CY,2010,5.24,
ESTAT:EGI_EM1(1.0),19/02/21 11:00:00,A,B-N_S95_X_K,V16110,PC_TOT,CY,2011,5.28,
ESTAT:EGI_EM1(1.0),19/02/21 11:00:00,A,B-N_S95_X_K,V16110,PC_TOT,CY,2012,4.85,
ESTAT:EGI_EM1(1.0),19/02/21 11:00:00,A,B-N_S95_X_K,V16110,PC_TOT,CY,2013,5.96,
ESTAT:EGI_EM1(1.0),19/02/21 11:00:00,A,B-N_S95_X_K,V16110,PC_TOT,CY,2014,6.02,
ESTAT:EGI_EM1(1.0),19/02/21 11:00:00,A,B-N_S95_X_K,V16110,PC_TOT,CY,2015,6.93,
ESTAT:EGI_EM1(1.0),19/02/21 11:00:00,A,B-N_S95_X_K,V16110,PC_TOT,CY,2016,6.31,
ESTAT:EGI_EM1(1.0),19/02/21 11:00:00,A,B-N_S95_X_K,V16110,PC_TOT,CY,2017,5.92,
ESTAT:EGI_EM1(1.0),19/02/21 11:00:00,A,B-N_S95_X_K,V16110,PC_TOT,CY,2018,6.46,
ESTAT:EGI_EM1(1.0),19/02/21 11:00:00,A,B-N_S95_X_K,V16110,PC_TOT,CZ,2008,27.35,
ESTAT:EGI_EM1(1.0),19/02/21 11:00:00,A,B-N_S95_X_K,V16110,PC_TOT,CZ,2009,26.99,
ESTAT:EGI_EM1(1.0),19/02/21 11:00:00,A,B-N_S95_X_K,V16110,PC_TOT,CZ,2010,26.87,
ESTAT:EGI_EM1(1.0),19/02/21 11:00:00,A,B-N_S95_X_K,V16110,PC_TOT,CZ,2011,27.27,
ESTAT:EGI_EM1(1.0),19/02/21 11:00:00,A,B-N_S95_X_K,V16110,PC_TOT,CZ,2012,26.68,
ESTAT:EGI_EM1(1.0),19/02/21 11:00:00,A,B-N_S95_X_K,V16110,PC_TOT,CZ,2013,26.67,
ESTAT:EGI_EM1(1.0),19/02/21 11:00:00,A,B-N_S95_X_K,V16110,PC_TOT,CZ,2014,26.81,
ESTAT:EGI_EM1(1.0),19/02/21 11:00:00,A,B-N_S95_X_K,V16110,PC_TOT,CZ,2015,26.83,
ESTAT:EGI_EM1(1.0),19/02/21 11:00:00,A,B-N_S95_X_K,V16110,PC_TOT,CZ,2016,27.62,
ESTAT:EGI_EM1(1.0),19/02/21 11:00:00,A,B-N_S95_X_K,V16110,PC_TOT,CZ,2017,28.03,
ESTAT:EGI_EM1(1.0),19/02/21 11:00:00,A,B-N_S95_X_K,V16110,PC_TOT,CZ,2018,28.31,
ESTAT:EGI_EM1(1.0),19/02/21 11:00:00,A,B-N_S95_X_K,V16110,PC_TOT,DE,2008,12.03,
ESTAT:EGI_EM1(1.0),19/02/21 11:00:00,A,B-N_S95_X_K,V16110,PC_TOT,DE,2009,9.13,
ESTAT:EGI_EM1(1.0),19/02/21 11:00:00,A,B-N_S95_X_K,V16110,PC_TOT,DE,2010,9.92,
ESTAT:EGI_EM1(1.0),19/02/21 11:00:00,A,B-N_S95_X_K,V16110,PC_TOT,DE,2011,10.29,
ESTAT:EGI_EM1(1.0),19/02/21 11:00:00,A,B-N_S95_X_K,V16110,PC_TOT,DE,2012,11.59,
ESTAT:EGI_EM1(1.0),19/02/21 11:00:00,A,B-N_S95_X_K,V16110,PC_TOT,DE,2013,12.22,
ESTAT:EGI_EM1(1.0),19/02/21 11:00:00,A,B-N_S95_X_K,V16110,PC_TOT,DE,2014,11.66,
ESTAT:EGI_EM1(1.0),19/02/21 11:00:00,A,B-N_S95_X_K,V16110,PC_TOT,DE,2015,10.84,
ESTAT:EGI_EM1(1.0),19/02/21 11:00:00,A,B-N_S95_X_K,V16110,PC_TOT,DE,2016,11.19,
ESTAT:EGI_EM1(1.0),19/02/21 11:00:00,A,B-N_S95_X_K,V16110,PC_TOT,DE,2017,11.93,
ESTAT:EGI_EM1(1.0),19/02/21 11:00:00,A,B-N_S95_X_K,V16110,PC_TOT,DE,2018,11.88,
ESTAT:EGI_EM1(1.0),19/02/21 11:00:00,A,B-N_S95_X_K,V16110,PC_TOT,DK,2008,15.31,
ESTAT:EGI_EM1(1.0),19/02/21 11:00:00,A,B-N_S95_X_K,V16110,PC_TOT,DK,2009,18.91,
ESTAT:EGI_EM1(1.0),19/02/21 11:00:00,A,B-N_S95_X_K,V16110,PC_TOT,DK,2010,19.21,
ESTAT:EGI_EM1(1.0),19/02/21 11:00:00,A,B-N_S95_X_K,V16110,PC_TOT,DK,2011,20.51,
ESTAT:EGI_EM1(1.0),19/02/21 11:00:00,A,B-N_S95_X_K,V16110,PC_TOT,DK,2012,20.3,
ESTAT:EGI_EM1(1.0),19/02/21 11:00:00,A,B-N_S95_X_K,V16110,PC_TOT,DK,2013,20.02,
ESTAT:EGI_EM1(1.0),19/02/21 11:00:00,A,B-N_S95_X_K,V16110,PC_TOT,DK,2014,19.71,
ESTAT:EGI_EM1(1.0),19/02/21 11:00:00,A,B-N_S95_X_K,V16110,PC_TOT,DK,2016,20.14,
ESTAT:EGI_EM1(1.0),19/02/21 11:00:00,A,B-N_S95_X_K,V16110,PC_TOT,DK,2017,20.23,
ESTAT:EGI_EM1(1.0),19/02/21 11:00:00,A,B-N_S95_X_K,V16110,PC_TOT,DK,2018,20.32,
ESTAT:EGI_EM1(1.0),19/02/21 11:00:00,A,B-N_S95_X_K,V16110,PC_TOT,EE,2008,35.25,
ESTAT:EGI_EM1(1.0),19/02/21 11:00:00,A,B-N_S95_X_K,V16110,PC_TOT,EE,2009,35.84,
ESTAT:EGI_EM1(1.0),19/02/21 11:00:00,A,B-N_S95_X_K,V16110,PC_TOT,EE,2010,37.41,
ESTAT:EGI_EM1(1.0),19/02/21 11:00:00,A,B-N_S95_X_K,V16110,PC_TOT,EE,2011,37.97,
ESTAT:EGI_EM1(1.0),19/02/21 11:00:00,A,B-N_S95_X_K,V16110,PC_TOT,EE,2012,38.02,
ESTAT:EGI_EM1(1.0),19/02/21 11:00:00,A,B-N_S95_X_K,V16110,PC_TOT,EE,2013,38.01,
ESTAT:EGI_EM1(1.0),19/02/21 11:00:00,A,B-N_S95_X_K,V16110,PC_TOT,EE,2014,38.42,
ESTAT:EGI_EM1(1.0),19/02/21 11:00:00,A,B-N_S95_X_K,V16110,PC_TOT,EE,2015,38.08,
ESTAT:EGI_EM1(1.0),19/02/21 11:00:00,A,B-N_S95_X_K,V16110,PC_TOT,EE,2016,37.82,
ESTAT:EGI_EM1(1.0),19/02/21 11:00:00,A,B-N_S95_X_K,V16110,PC_TOT,EE,2017,38.13,
ESTAT:EGI_EM1(1.0),19/02/21 11:00:00,A,B-N_S95_X_K,V16110,PC_TOT,EE,2018,22.13,
ESTAT:EGI_EM1(1.0),19/02/21 11:00:00,A,B-N_S95_X_K,V16110,PC_TOT,EL,2012,5.02,
ESTAT:EGI_EM1(1.0),19/02/21 11:00:00,A,B-N_S95_X_K,V16110,PC_TOT,EL,2013,5.29,
ESTAT:EGI_EM1(1.0),19/02/21 11:00:00,A,B-N_S95_X_K,V16110,PC_TOT,EL,2014,5.15,
ESTAT:EGI_EM1(1.0),19/02/21 11:00:00,A,B-N_S95_X_K,V16110,PC_TOT,EL,2015,5.72,
ESTAT:EGI_EM1(1.0),19/02/21 11:00:00,A,B-N_S95_X_K,V16110,PC_TOT,EL,2016,5.67,
ESTAT:EGI_EM1(1.0),19/02/21 11:00:00,A,B-N_S95_X_K,V16110,PC_TOT,EL,2017,6.4,
ESTAT:EGI_EM1(1.0),19/02/21 11:00:00,A,B-N_S95_X_K,V16110,PC_TOT,ES,2008,9.13,
ESTAT:EGI_EM1(1.0),19/02/21 11:00:00,A,B-N_S95_X_K,V16110,PC_TOT,ES,2009,9.26,
ESTAT:EGI_EM1(1.0),19/02/21 11:00:00,A,B-N_S95_X_K,V16110,PC_TOT,ES,2010,10.6,
ESTAT:EGI_EM1(1.0),19/02/21 11:00:00,A,B-N_S95_X_K,V16110,PC_TOT,ES,2011,11.08,
ESTAT:EGI_EM1(1.0),19/02/21 11:00:00,A,B-N_S95_X_K,V16110,PC_TOT,ES,2012,11.53,
ESTAT:EGI_EM1(1.0),19/02/21 11:00:00,A,B-N_S95_X_K,V16110,PC_TOT,ES,2013,12.27,
ESTAT:EGI_EM1(1.0),19/02/21 11:00:00,A,B-N_S95_X_K,V16110,PC_TOT,ES,2014,12.2,
ESTAT:EGI_EM1(1.0),19/02/21 11:00:00,A,B-N_S95_X_K,V16110,PC_TOT,ES,2015,12.62,
ESTAT:EGI_EM1(1.0),19/02/21 11:00:00,A,B-N_S95_X_K,V16110,PC_TOT,ES,2016,12.83,
ESTAT:EGI_EM1(1.0),19/02/21 11:00:00,A,B-N_S95_X_K,V16110,PC_TOT,ES,2017,13.4,
ESTAT:EGI_EM1(1.0),19/02/21 11:00:00,A,B-N_S95_X_K,V16110,PC_TOT,ES,2018,13.34,
ESTAT:EGI_EM1(1.0),19/02/21 11:00:00,A,B-N_S95_X_K,V16110,PC_TOT,FI,2008,15.69,
ESTAT:EGI_EM1(1.0),19/02/21 11:00:00,A,B-N_S95_X_K,V16110,PC_TOT,FI,2009,15.7,
ESTAT:EGI_EM1(1.0),19/02/21 11:00:00,A,B-N_S95_X_K,V16110,PC_TOT,FI,2010,15.25,
ESTAT:EGI_EM1(1.0),19/02/21 11:00:00,A,B-N_S95_X_K,V16110,PC_TOT,FI,2011,15.11,
ESTAT:EGI_EM1(1.0),19/02/21 11:00:00,A,B-N_S95_X_K,V16110,PC_TOT,FI,2012,15.49,
ESTAT:EGI_EM1(1.0),19/02/21 11:00:00,A,B-N_S95_X_K,V16110,PC_TOT,FI,2013,15.5,
ESTAT:EGI_EM1(1.0),19/02/21 11:00:00,A,B-N_S95_X_K,V16110,PC_TOT,FI,2014,16.42,
ESTAT:EGI_EM1(1.0),19/02/21 11:00:00,A,B-N_S95_X_K,V16110,PC_TOT,FI,2016,16.48,
ESTAT:EGI_EM1(1.0),19/02/21 11:00:00,A,B-N_S95_X_K,V16110,PC_TOT,FI,2017,16.27,
ESTAT:EGI_EM1(1.0),19/02/21 11:00:00,A,B-N_S95_X_K,V16110,PC_TOT,FI,2018,16.87,
ESTAT:EGI_EM1(1.0),19/02/21 11:00:00,A,B-N_S95_X_K,V16110,PC_TOT,FR,2008,12.61,
ESTAT:EGI_EM1(1.0),19/02/21 11:00:00,A,B-N_S95_X_K,V16110,PC_TOT,FR,2009,11.3,
ESTAT:EGI_EM1(1.0),19/02/21 11:00:00,A,B-N_S95_X_K,V16110,PC_TOT,FR,2010,11.16,
ESTAT:EGI_EM1(1.0),19/02/21 11:00:00,A,B-N_S95_X_K,V16110,PC_TOT,FR,2011,10.85,
ESTAT:EGI_EM1(1.0),19/02/21 11:00:00,A,B-N_S95_X_K,V16110,PC_TOT,FR,2012,10.53,
ESTAT:EGI_EM1(1.0),19/02/21 11:00:00,A,B-N_S95_X_K,V16110,PC_TOT,FR,2013,10.95,
ESTAT:EGI_EM1(1.0),19/02/21 11:00:00,A,B-N_S95_X_K,V16110,PC_TOT,FR,2014,10.67,
ESTAT:EGI_EM1(1.0),19/02/21 11:00:00,A,B-N_S95_X_K,V16110,PC_TOT,FR,2015,11.19,
ESTAT:EGI_EM1(1.0),19/02/21 11:00:00,A,B-N_S95_X_K,V16110,PC_TOT,FR,2016,10.95,
ESTAT:EGI_EM1(1.0),19/02/21 11:00:00,A,B-N_S95_X_K,V16110,PC_TOT,FR,2017,13.06,
ESTAT:EGI_EM1(1.0),19/02/21 11:00:00,A,B-N_S95_X_K,V16110,PC_TOT,FR,2018,14.11,
ESTAT:EGI_EM1(1.0),19/02/21 11:00:00,A,B-N_S95_X_K,V16110,PC_TOT,HR,2010,9.75,
ESTAT:EGI_EM1(1.0),19/02/21 11:00:00,A,B-N_S95_X_K,V16110,PC_TOT,HR,2011,11.52,
ESTAT:EGI_EM1(1.0),19/02/21 11:00:00,A,B-N_S95_X_K,V16110,PC_TOT,HR,2012,12.6,
ESTAT:EGI_EM1(1.0),19/02/21 11:00:00,A,B-N_S95_X_K,V16110,PC_TOT,HR,2013,12.73,
ESTAT:EGI_EM1(1.0),19/02/21 11:00:00,A,B-N_S95_X_K,V16110,PC_TOT,HR,2014,13.32,
ESTAT:EGI_EM1(1.0),19/02/21 11:00:00,A,B-N_S95_X_K,V16110,PC_TOT,HR,2015,15.31,
ESTAT:EGI_EM1(1.0),19/02/21 11:00:00,A,B-N_S95_X_K,V16110,PC_TOT,HR,2016,12.98,
ESTAT:EGI_EM1(1.0),19/02/21 11:00:00,A,B-N_S95_X_K,V16110,PC_TOT,HR,2017,16.53,
ESTAT:EGI_EM1(1.0),19/02/21 11:00:00,A,B-N_S95_X_K,V16110,PC_TOT,HR,2018,18.24,
ESTAT:EGI_EM1(1.0),19/02/21 11:00:00,A,B-N_S95_X_K,V16110,PC_TOT,HU,2008,23.78,
ESTAT:EGI_EM1(1.0),19/02/21 11:00:00,A,B-N_S95_X_K,V16110,PC_TOT,HU,2009,24.24,
ESTAT:EGI_EM1(1.0),19/02/21 11:00:00,A,B-N_S95_X_K,V16110,PC_TOT,HU,2010,24.71,
ESTAT:EGI_EM1(1.0),19/02/21 11:00:00,A,B-N_S95_X_K,V16110,PC_TOT,HU,2011,25.79,
ESTAT:EGI_EM1(1.0),19/02/21 11:00:00,A,B-N_S95_X_K,V16110,PC_TOT,HU,2012,26.02,
ESTAT:EGI_EM1(1.0),19/02/21 11:00:00,A,B-N_S95_X_K,V16110,PC_TOT,HU,2013,26.41,
ESTAT:EGI_EM1(1.0),19/02/21 11:00:00,A,B-N_S95_X_K,V16110,PC_TOT,HU,2014,26.41,
ESTAT:EGI_EM1(1.0),19/02/21 11:00:00,A,B-N_S95_X_K,V16110,PC_TOT,HU,2015,26,
ESTAT:EGI_EM1(1.0),19/02/21 11:00:00,A,B-N_S95_X_K,V16110,PC_TOT,HU,2016,25.71,
ESTAT:EGI_EM1(1.0),19/02/21 11:00:00,A,B-N_S95_X_K,V16110,PC_TOT,HU,2017,26.12,
ESTAT:EGI_EM1(1.0),19/02/21 11:00:00,A,B-N_S95_X_K,V16110,PC_TOT,HU,2018,25.96,
ESTAT:EGI_EM1(1.0),19/02/21 11:00:00,A,B-N_S95_X_K,V16110,PC_TOT,IE,2008,21.32,
ESTAT:EGI_EM1(1.0),19/02/21 11:00:00,A,B-N_S95_X_K,V16110,PC_TOT,IE,2009,22.36,
ESTAT:EGI_EM1(1.0),19/02/21 11:00:00,A,B-N_S95_X_K,V16110,PC_TOT,IE,2010,23.52,
ESTAT:EGI_EM1(1.0),19/02/21 11:00:00,A,B-N_S95_X_K,V16110,PC_TOT,IE,2011,22.73,
ESTAT:EGI_EM1(1.0),19/02/21 11:00:00,A,B-N_S95_X_K,V16110,PC_TOT,IE,2012,23.29,
ESTAT:EGI_EM1(1.0),19/02/21 11:00:00,A,B-N_S95_X_K,V16110,PC_TOT,IE,2014,25.22,
ESTAT:EGI_EM1(1.0),19/02/21 11:00:00,A,B-N_S95_X_K,V16110,PC_TOT,IE,2015,18.19,
ESTAT:EGI_EM1(1.0),19/02/21 11:00:00,A,B-N_S95_X_K,V16110,PC_TOT,IE,2016,8.55,
ESTAT:EGI_EM1(1.0),19/02/21 11:00:00,A,B-N_S95_X_K,V16110,PC_TOT,IE,2017,22.2,
ESTAT:EGI_EM1(1.0),19/02/21 11:00:00,A,B-N_S95_X_K,V16110,PC_TOT,IE,2018,26.6,
ESTAT:EGI_EM1(1.0),19/02/21 11:00:00,A,B-N_S95_X_K,V16110,PC_TOT,IT,2008,7.44,
ESTAT:EGI_EM1(1.0),19/02/21 11:00:00,A,B-N_S95_X_K,V16110,PC_TOT,IT,2009,7.33,
ESTAT:EGI_EM1(1.0),19/02/21 11:00:00,A,B-N_S95_X_K,V16110,PC_TOT,IT,2010,7.3,
ESTAT:EGI_EM1(1.0),19/02/21 11:00:00,A,B-N_S95_X_K,V16110,PC_TOT,IT,2011,7.46,
ESTAT:EGI_EM1(1.0),19/02/21 11:00:00,A,B-N_S95_X_K,V16110,PC_TOT,IT,2012,7.48,
ESTAT:EGI_EM1(1.0),19/02/21 11:00:00,A,B-N_S95_X_K,V16110,PC_TOT,IT,2013,7.52,
ESTAT:EGI_EM1(1.0),19/02/21 11:00:00,A,B-N_S95_X_K,V16110,PC_TOT,IT,2014,8.02,
ESTAT:EGI_EM1(1.0),19/02/21 11:00:00,A,B-N_S95_X_K,V16110,PC_TOT,IT,2015,8.21,
ESTAT:EGI_EM1(1.0),19/02/21 11:00:00,A,B-N_S95_X_K,V16110,PC_TOT,IT,2016,8.39,
ESTAT:EGI_EM1(1.0),19/02/21 11:00:00,A,B-N_S95_X_K,V16110,PC_TOT,IT,2017,8.5,
ESTAT:EGI_EM1(1.0),19/02/21 11:00:00,A,B-N_S95_X_K,V16110,PC_TOT,IT,2018,8.9,
ESTAT:EGI_EM1(1.0),19/02/21 11:00:00,A,B-N_S95_X_K,V16110,PC_TOT,LT,2008,12.45,
ESTAT:EGI_EM1(1.0),19/02/21 11:00:00,A,B-N_S95_X_K,V16110,PC_TOT,LT,2009,13.92,
ESTAT:EGI_EM1(1.0),19/02/21 11:00:00,A,B-N_S95_X_K,V16110,PC_TOT,LT,2010,14.21,
ESTAT:EGI_EM1(1.0),19/02/21 11:00:00,A,B-N_S95_X_K,V16110,PC_TOT,LT,2011,14.68,
ESTAT:EGI_EM1(1.0),19/02/21 11:00:00,A,B-N_S95_X_K,V16110,PC_TOT,LT,2012,14.73,
ESTAT:EGI_EM1(1.0),19/02/21 11:00:00,A,B-N_S95_X_K,V16110,PC_TOT,LT,2013,14.74,
ESTAT:EGI_EM1(1.0),19/02/21 11:00:00,A,B-N_S95_X_K,V16110,PC_TOT,LT,2014,14.9,
ESTAT:EGI_EM1(1.0),19/02/21 11:00:00,A,B-N_S95_X_K,V16110,PC_TOT,LT,2015,15.09,
ESTAT:EGI_EM1(1.0),19/02/21 11:00:00,A,B-N_S95_X_K,V16110,PC_TOT,LT,2016,15.67,
ESTAT:EGI_EM1(1.0),19/02/21 11:00:00,A,B-N_S95_X_K,V16110,PC_TOT,LT,2017,16.23,
ESTAT:EGI_EM1(1.0),19/02/21 11:00:00,A,B-N_S95_X_K,V16110,PC_TOT,LT,2018,16.66,
ESTAT:EGI_EM1(1.0),19/02/21 11:00:00,A,B-N_S95_X_K,V16110,PC_TOT,LU,2009,39.45,
ESTAT:EGI_EM1(1.0),19/02/21 11:00:00,A,B-N_S95_X_K,V16110,PC_TOT,LU,2010,41.13,
ESTAT:EGI_EM1(1.0),19/02/21 11:00:00,A,B-N_S95_X_K,V16110,PC_TOT,LU,2011,39.96,
ESTAT:EGI_EM1(1.0),19/02/21 11:00:00,A,B-N_S95_X_K,V16110,PC_TOT,LU,2012,38.34,
ESTAT:EGI_EM1(1.0),19/02/21 11:00:00,A,B-N_S95_X_K,V16110,PC_TOT,LU,2013,39.07,
ESTAT:EGI_EM1(1.0),19/02/21 11:00:00,A,B-N_S95_X_K,V16110,PC_TOT,LU,2014,39.45,
ESTAT:EGI_EM1(1.0),19/02/21 11:00:00,A,B-N_S95_X_K,V16110,PC_TOT,LU,2015,39.05,
ESTAT:EGI_EM1(1.0),19/02/21 11:00:00,A,B-N_S95_X_K,V16110,PC_TOT,LU,2016,39.92,
ESTAT:EGI_EM1(1.0),19/02/21 11:00:00,A,B-N_S95_X_K,V16110,PC_TOT,LU,2017,40.3,
ESTAT:EGI_EM1(1.0),19/02/21 11:00:00,A,B-N_S95_X_K,V16110,PC_TOT,LU,2018,40.52,
ESTAT:EGI_EM1(1.0),19/02/21 11:00:00,A,B-N_S95_X_K,V16110,PCH_1Y,LV,2009,-9.65,
ESTAT:EGI_EM1(1.0),19/02/21 11:00:00,A,B-N_S95_X_K,V16110,PC_TOT,LV,2008,15.62,
ESTAT:EGI_EM1(1.0),19/02/21 11:00:00,A,B-N_S95_X_K,V16110,PC_TOT,LV,2009,17.2,
ESTAT:EGI_EM1(1.0),19/02/21 11:00:00,A,B-N_S95_X_K,V16110,PC_TOT,LV,2010,17.29,
ESTAT:EGI_EM1(1.0),19/02/21 11:00:00,A,B-N_S95_X_K,V16110,PC_TOT,LV,2011,18.35,
ESTAT:EGI_EM1(1.0),19/02/21 11:00:00,A,B-N_S95_X_K,V16110,PC_TOT,LV,2012,18.1,
ESTAT:EGI_EM1(1.0),19/02/21 11:00:00,A,B-N_S95_X_K,V16110,PC_TOT,LV,2013,18.94,
ESTAT:EGI_EM1(1.0),19/02/21 11:00:00,A,B-N_S95_X_K,V16110,PC_TOT,LV,2014,18.66,
ESTAT:EGI_EM1(1.0),19/02/21 11:00:00,A,B-N_S95_X_K,V16110,PC_TOT,LV,2015,19.96,
ESTAT:EGI_EM1(1.0),19/02/21 11:00:00,A,B-N_S95_X_K,V16110,PC_TOT,LV,2016,19.86,
ESTAT:EGI_EM1(1.0),19/02/21 11:00:00,A,B-N_S95_X_K,V16110,PC_TOT,LV,2017,20.54,
ESTAT:EGI_EM1(1.0),19/02/21 11:00:00,A,B-N_S95_X_K,V16110,PC_TOT,LV,2018,20.42,
ESTAT:EGI_EM1(1.0),19/02/21 11:00:00,A,B-N_S95_X_K,V16110,PC_TOT,MT,2008,15.44,
ESTAT:EGI_EM1(1.0),19/02/21 11:00:00,A,B-N_S95_X_K,V16110,PC_TOT,MT,2009,12.24,
ESTAT:EGI_EM1(1.0),19/02/21 11:00:00,A,B-N_S95_X_K,V16110,PC_TOT,MT,2010,12.59,
ESTAT:EGI_EM1(1.0),19/02/21 11:00:00,A,B-N_S95_X_K,V16110,PC_TOT,MT,2011,13.82,
ESTAT:EGI_EM1(1.0),19/02/21 11:00:00,A,B-N_S95_X_K,V16110,PC_TOT,MT,2012,14.35,
ESTAT:EGI_EM1(1.0),19/02/21 11:00:00,A,B-N_S95_X_K,V16110,PC_TOT,MT,2013,14.42,
ESTAT:EGI_EM1(1.0),19/02/21 11:00:00,A,B-N_S95_X_K,V16110,PC_TOT,MT,2014,14,
ESTAT:EGI_EM1(1.0),19/02/21 11:00:00,A,B-N_S95_X_K,V16110,PC_TOT,MT,2015,15.35,
ESTAT:EGI_EM1(1.0),19/02/21 11:00:00,A,B-N_S95_X_K,V16110,PC_TOT,MT,2016,13.37,
ESTAT:EGI_EM1(1.0),19/02/21 11:00:00,A,B-N_S95_X_K,V16110,PC_TOT,MT,2017,17.28,
ESTAT:EGI_EM1(1.0),19/02/21 11:00:00,A,B-N_S95_X_K,V16110,PC_TOT,MT,2018,17.59,
ESTAT:EGI_EM1(1.0),19/02/21 11:00:00,A,B-N_S95_X_K,V16110,PC_TOT,NL,2008,14.02,
ESTAT:EGI_EM1(1.0),19/02/21 11:00:00,A,B-N_S95_X_K,V16110,PC_TOT,NL,2009,14.99,
ESTAT:EGI_EM1(1.0),19/02/21 11:00:00,A,B-N_S95_X_K,V16110,PC_TOT,NL,2010,15.38,
ESTAT:EGI_EM1(1.0),19/02/21 11:00:00,A,B-N_S95_X_K,V16110,PC_TOT,NL,2011,15.91,
ESTAT:EGI_EM1(1.0),19/02/21 11:00:00,A,B-N_S95_X_K,V16110,PC_TOT,NL,2012,16.02,
ESTAT:EGI_EM1(1.0),19/02/21 11:00:00,A,B-N_S95_X_K,V16110,PC_TOT,NL,2013,16.29,
ESTAT:EGI_EM1(1.0),19/02/21 11:00:00,A,B-N_S95_X_K,V16110,PC_TOT,NL,2014,16.27,
ESTAT:EGI_EM1(1.0),19/02/21 11:00:00,A,B-N_S95_X_K,V16110,PC_TOT,NL,2015,16.77,
ESTAT:EGI_EM1(1.0),19/02/21 11:00:00,A,B-N_S95_X_K,V16110,PC_TOT,NL,2016,17.27,
ESTAT:EGI_EM1(1.0),19/02/21 11:00:00,A,B-N_S95_X_K,V16110,PC_TOT,NL,2017,17.56,
ESTAT:EGI_EM1(1.0),19/02/21 11:00:00,A,B-N_S95_X_K,V16110,PC_TOT,NL,2018,17.55,
ESTAT:EGI_EM1(1.0),19/02/21 11:00:00,A,B-N_S95_X_K,V16110,PC_TOT,NO,2008,19.9,
ESTAT:EGI_EM1(1.0),19/02/21 11:00:00,A,B-N_S95_X_K,V16110,PC_TOT,NO,2009,19.3,
ESTAT:EGI_EM1(1.0),19/02/21 11:00:00,A,B-N_S95_X_K,V16110,PC_TOT,NO,2010,20,
ESTAT:EGI_EM1(1.0),19/02/21 11:00:00,A,B-N_S95_X_K,V16110,PC_TOT,NO,2011,20.27,
ESTAT:EGI_EM1(1.0),19/02/21 11:00:00,A,B-N_S95_X_K,V16110,PC_TOT,NO,2012,20.25,
ESTAT:EGI_EM1(1.0),19/02/21 11:00:00,A,B-N_S95_X_K,V16110,PC_TOT,NO,2013,20.18,
ESTAT:EGI_EM1(1.0),19/02/21 11:00:00,A,B-N_S95_X_K,V16110,PC_TOT,NO,2014,21.53,
ESTAT:EGI_EM1(1.0),19/02/21 11:00:00,A,B-N_S95_X_K,V16110,PC_TOT,NO,2015,20.92,
ESTAT:EGI_EM1(1.0),19/02/21 11:00:00,A,B-N_S95_X_K,V16110,PC_TOT,NO,2016,20.71,
ESTAT:EGI_EM1(1.0),19/02/21 11:00:00,A,B-N_S95_X_K,V16110,PC_TOT,NO,2017,20.32,
ESTAT:EGI_EM1(1.0),19/02/21 11:00:00,A,B-N_S95_X_K,V16110,PC_TOT,NO,2018,21.02,
ESTAT:EGI_EM1(1.0),19/02/21 11:00:00,A,B-N_S95_X_K,V16110,PC_TOT,PL,2008,14,
ESTAT:EGI_EM1(1.0),19/02/21 11:00:00,A,B-N_S95_X_K,V16110,PC_TOT,PL,2009,14.46,
ESTAT:EGI_EM1(1.0),19/02/21 11:00:00,A,B-N_S95_X_K,V16110,PC_TOT,PL,2010,15.5,
ESTAT:EGI_EM1(1.0),19/02/21 11:00:00,A,B-N_S95_X_K,V16110,PC_TOT,PL,2011,16.04,
ESTAT:EGI_EM1(1.0),19/02/21 11:00:00,A,B-N_S95_X_K,V16110,PC_TOT,PL,2012,16.2,
ESTAT:EGI_EM1(1.0),19/02/21 11:00:00,A,B-N_S95_X_K,V16110,PC_TOT,PL,2013,16.97,
ESTAT:EGI_EM1(1.0),19/02/21 11:00:00,A,B-N_S95_X_K,V16110,PC_TOT,PL,2014,17.55,
ESTAT:EGI_EM1(1.0),19/02/21 11:00:00,A,B-N_S95_X_K,V16110,PC_TOT,PL,2015,18.11,
ESTAT:EGI_EM1(1.0),19/02/21 11:00:00,A,B-N_S95_X_K,V16110,PC_TOT,PL,2016,18.33,
ESTAT:EGI_EM1(1.0),19/02/21 11:00:00,A,B-N_S95_X_K,V16110,PC_TOT,PL,2017,18.93,
ESTAT:EGI_EM1(1.0),19/02/21 11:00:00,A,B-N_S95_X_K,V16110,PC_TOT,PL,2018,19.9,
ESTAT:EGI_EM1(1.0),19/02/21 11:00:00,A,B-N_S95_X_K,V16110,PC_TOT,PT,2008,10.2,
ESTAT:EGI_EM1(1.0),19/02/21 11:00:00,A,B-N_S95_X_K,V16110,PC_TOT,PT,2009,10.38,
ESTAT:EGI_EM1(1.0),19/02/21 11:00:00,A,B-N_S95_X_K,V16110,PC_TOT,PT,2010,10.81,
ESTAT:EGI_EM1(1.0),19/02/21 11:00:00,A,B-N_S95_X_K,V16110,PC_TOT,PT,2011,11.08,
ESTAT:EGI_EM1(1.0),19/02/21 11:00:00,A,B-N_S95_X_K,V16110,PC_TOT,PT,2012,11.24,
ESTAT:EGI_EM1(1.0),19/02/21 11:00:00,A,B-N_S95_X_K,V16110,PC_TOT,PT,2013,11.74,
ESTAT:EGI_EM1(1.0),19/02/21 11:00:00,A,B-N_S95_X_K,V16110,PC_TOT,PT,2014,12.78,
ESTAT:EGI_EM1(1.0),19/02/21 11:00:00,A,B-N_S95_X_K,V16110,PC_TOT,PT,2015,13.08,
ESTAT:EGI_EM1(1.0),19/02/21 11:00:00,A,B-N_S95_X_K,V16110,PC_TOT,PT,2016,13.11,
ESTAT:EGI_EM1(1.0),19/02/21 11:00:00,A,B-N_S95_X_K,V16110,PC_TOT,PT,2017,13.31,
ESTAT:EGI_EM1(1.0),19/02/21 11:00:00,A,B-N_S95_X_K,V16110,PC_TOT,PT,2018,14.31,
ESTAT:EGI_EM1(1.0),19/02/21 11:00:00,A,B-N_S95_X_K,V16110,PC_TOT,RO,2008,22.22,
ESTAT:EGI_EM1(1.0),19/02/21 11:00:00,A,B-N_S95_X_K,V16110,PC_TOT,RO,2009,24.35,
ESTAT:EGI_EM1(1.0),19/02/21 11:00:00,A,B-N_S95_X_K,V16110,PC_TOT,RO,2010,25.4,
ESTAT:EGI_EM1(1.0),19/02/21 11:00:00,A,B-N_S95_X_K,V16110,PC_TOT,RO,2011,22.01,
ESTAT:EGI_EM1(1.0),19/02/21 11:00:00,A,B-N_S95_X_K,V16110,PC_TOT,RO,2012,25.81,
ESTAT:EGI_EM1(1.0),19/02/21 11:00:00,A,B-N_S95_X_K,V16110,PC_TOT,RO,2013,26,
ESTAT:EGI_EM1(1.0),19/02/21 11:00:00,A,B-N_S95_X_K,V16110,PC_TOT,RO,2014,26.89,
ESTAT:EGI_EM1(1.0),19/02/21 11:00:00,A,B-N_S95_X_K,V16110,PC_TOT,RO,2015,27.07,
ESTAT:EGI_EM1(1.0),19/02/21 11:00:00,A,B-N_S95_X_K,V16110,PC_TOT,RO,2016,27.64,
ESTAT:EGI_EM1(1.0),19/02/21 11:00:00,A,B-N_S95_X_K,V16110,PC_TOT,RO,2017,28.79,
ESTAT:EGI_EM1(1.0),19/02/21 11:00:00,A,B-N_S95_X_K,V16110,PC_TOT,RO,2018,29.22,
ESTAT:EGI_EM1(1.0),19/02/21 11:00:00,A,B-N_S95_X_K,V16110,PC_TOT,SE,2008,22.49,
ESTAT:EGI_EM1(1.0),19/02/21 11:00:00,A,B-N_S95_X_K,V16110,PC_TOT,SE,2009,22.13,
ESTAT:EGI_EM1(1.0),19/02/21 11:00:00,A,B-N_S95_X_K,V16110,PC_TOT,SE,2010,21.42,
ESTAT:EGI_EM1(1.0),19/02/21 11:00:00,A,B-N_S95_X_K,V16110,PC_TOT,SE,2011,22.29,
ESTAT:EGI_EM1(1.0),19/02/21 11:00:00,A,B-N_S95_X_K,V16110,PC_TOT,SE,2012,21.84,
ESTAT:EGI_EM1(1.0),19/02/21 11:00:00,A,B-N_S95_X_K,V16110,PC_TOT,SE,2013,21.23,
ESTAT:EGI_EM1(1.0),19/02/21 11:00:00,A,B-N_S95_X_K,V16110,PC_TOT,SE,2014,21.46,
ESTAT:EGI_EM1(1.0),19/02/21 11:00:00,A,B-N_S95_X_K,V16110,PC_TOT,SE,2016,21.02,
ESTAT:EGI_EM1(1.0),19/02/21 11:00:00,A,B-N_S95_X_K,V16110,PC_TOT,SE,2017,22.16,
ESTAT:EGI_EM1(1.0),19/02/21 11:00:00,A,B-N_S95_X_K,V16110,PC_TOT,SE,2018,22.02,
ESTAT:EGI_EM1(1.0),19/02/21 11:00:00,A,B-N_S95_X_K,V16110,PC_TOT,SI,2008,12.04,
ESTAT:EGI_EM1(1.0),19/02/21 11:00:00,A,B-N_S95_X_K,V16110,PC_TOT,SI,2009,11.89,
ESTAT:EGI_EM1(1.0),19/02/21 11:00:00,A,B-N_S95_X_K,V16110,PC_TOT,SI,2010,12.48,
ESTAT:EGI_EM1(1.0),19/02/21 11:00:00,A,B-N_S95_X_K,V16110,PC_TOT,SI,2011,14.25,
ESTAT:EGI_EM1(1.0),19/02/21 11:00:00,A,B-N_S95_X_K,V16110,PC_TOT,SI,2012,15.19,
ESTAT:EGI_EM1(1.0),19/02/21 11:00:00,A,B-N_S95_X_K,V16110,PC_TOT,SI,2013,16.09,
ESTAT:EGI_EM1(1.0),19/02/21 11:00:00,A,B-N_S95_X_K,V16110,PC_TOT,SI,2014,19.25,
ESTAT:EGI_EM1(1.0),19/02/21 11:00:00,A,B-N_S95_X_K,V16110,PC_TOT,SI,2015,20.49,
ESTAT:EGI_EM1(1.0),19/02/21 11:00:00,A,B-N_S95_X_K,V16110,PC_TOT,SI,2016,22.07,
ESTAT:EGI_EM1(1.0),19/02/21 11:00:00,A,B-N_S95_X_K,V16110,PC_TOT,SI,2017,22.31,
ESTAT:EGI_EM1(1.0),19/02/21 11:00:00,A,B-N_S95_X_K,V16110,PC_TOT,SI,2018,23.38,
ESTAT:EGI_EM1(1.0),19/02/21 11:00:00,A,B-N_S95_X_K,V16110,PC_TOT,SK,2008,32.65,
ESTAT:EGI_EM1(1.0),19/02/21 11:00:00,A,B-N_S95_X_K,V16110,PC_TOT,SK,2009,33.61,
ESTAT:EGI_EM1(1.0),19/02/21 11:00:00,A,B-N_S95_X_K,V16110,PC_TOT,SK,2010,22.43,
ESTAT:EGI_EM1(1.0),19/02/21 11:00:00,A,B-N_S95_X_K,V16110,PC_TOT,SK,2011,25.02,
ESTAT:EGI_EM1(1.0),19/02/21 11:00:00,A,B-N_S95_X_K,V16110,PC_TOT,SK,2012,26.81,
ESTAT:EGI_EM1(1.0),19/02/21 11:00:00,A,B-N_S95_X_K,V16110,PC_TOT,SK,2013,22.38,
ESTAT:EGI_EM1(1.0),19/02/21 11:00:00,A,B-N_S95_X_K,V16110,PC_TOT,SK,2014,25.5,
ESTAT:EGI_EM1(1.0),19/02/21 11:00:00,A,B-N_S95_X_K,V16110,PC_TOT,SK,2015,25.97,
ESTAT:EGI_EM1(1.0),19/02/21 11:00:00,A,B-N_S95_X_K,V16110,PC_TOT,SK,2016,28.47,
ESTAT:EGI_EM1(1.0),19/02/21 11:00:00,A,B-N_S95_X_K,V16110,PC_TOT,SK,2017,28.67,
ESTAT:EGI_EM1(1.0),19/02/21 11:00:00,A,B-N_S95_X_K,V16110,PC_TOT,SK,2018,28.37,
ESTAT:EGI_EM1(1.0),19/02/21 11:00:00,A,B-N_S95_X_K,V16110,PC_TOT,UK,2008,18.15,
ESTAT:EGI_EM1(1.0),19/02/21 11:00:00,A,B-N_S95_X_K,V16110,PC_TOT,UK,2009,18.17,
ESTAT:EGI_EM1(1.0),19/02/21 11:00:00,A,B-N_S95_X_K,V16110,PC_TOT,UK,2010,18.4,
ESTAT:EGI_EM1(1.0),19/02/21 11:00:00,A,B-N_S95_X_K,V16110,PC_TOT,UK,2011,18.67,
ESTAT:EGI_EM1(1.0),19/02/21 11:00:00,A,B-N_S95_X_K,V16110,PC_TOT,UK,2012,19.54,
ESTAT:EGI_EM1(1.0),19/02/21 11:00:00,A,B-N_S95_X_K,V16110,PC_TOT,UK,2013,19.28,
ESTAT:EGI_EM1(1.0),19/02/21 11:00:00,A,B-N_S95_X_K,V16110,PC_TOT,UK,2014,19.23,
ESTAT:EGI_EM1(1.0),19/02/21 11:00:00,A,B-N_S95_X_K,V16110,PC_TOT,UK,2016,18.97,
