DATAFLOW,LAST UPDATE,freq,citizen,agedef,age,unit,sex,geo,TIME_PERIOD,OBS_VALUE,OBS_FLAG
ESTAT:TPS00176(1.0),27/04/21 23:00:00,A,TOTAL,COMPLET,TOTAL,NR,T,AT,2008,73772,
ESTAT:TPS00176(1.0),27/04/21 23:00:00,A,TOTAL,COMPLET,TOTAL,NR,T,AT,2009,69295,
ESTAT:TPS00176(1.0),27/04/21 23:00:00,A,TOTAL,COMPLET,TOTAL,NR,T,AT,2010,70978,
ESTAT:TPS00176(1.0),27/04/21 23:00:00,A,TOTAL,COMPLET,TOTAL,NR,T,AT,2011,82230,
ESTAT:TPS00176(1.0),27/04/21 23:00:00,A,TOTAL,COMPLET,TOTAL,NR,T,AT,2012,91557,
ESTAT:TPS00176(1.0),27/04/21 23:00:00,A,TOTAL,COMPLET,TOTAL,NR,T,AT,2013,101866,
ESTAT:TPS00176(1.0),27/04/21 23:00:00,A,TOTAL,COMPLET,TOTAL,NR,T,AT,2014,116262,
ESTAT:TPS00176(1.0),27/04/21 23:00:00,A,TOTAL,COMPLET,TOTAL,NR,T,AT,2015,166323,
ESTAT:TPS00176(1.0),27/04/21 23:00:00,A,TOTAL,COMPLET,TOTAL,NR,T,AT,2016,129509,
ESTAT:TPS00176(1.0),27/04/21 23:00:00,A,TOTAL,COMPLET,TOTAL,NR,T,AT,2017,111801,
ESTAT:TPS00176(1.0),27/04/21 23:00:00,A,TOTAL,COMPLET,TOTAL,NR,T,AT,2018,105633,
ESTAT:TPS00176(1.0),27/04/21 23:00:00,A,TOTAL,COMPLET,TOTAL,NR,T,AT,2019,109167,
ESTAT:TPS00176(1.0),27/04/21 23:00:00,A,TOTAL,COMPLET,TOTAL,NR,T,BE,2010,135281,b
ESTAT:TPS00176(1.0),27/04/21 23:00:00,A,TOTAL,COMPLET,TOTAL,NR,T,BE,2011,147377,b
ESTAT:TPS00176(1.0),27/04/21 23:00:00,A,TOTAL,COMPLET,TOTAL,NR,T,BE,2012,129477,
ESTAT:TPS00176(1.0),27/04/21 23:00:00,A,TOTAL,COMPLET,TOTAL,NR,T,BE,2013,120078,
ESTAT:TPS00176(1.0),27/04/21 23:00:00,A,TOTAL,COMPLET,TOTAL,NR,T,BE,2014,123158,
ESTAT:TPS00176(1.0),27/04/21 23:00:00,A,TOTAL,COMPLET,TOTAL,NR,T,BE,2015,146626,
ESTAT:TPS00176(1.0),27/04/21 23:00:00,A,TOTAL,COMPLET,TOTAL,NR,T,BE,2016,123702,
ESTAT:TPS00176(1.0),27/04/21 23:00:00,A,TOTAL,COMPLET,TOTAL,NR,T,BE,2017,126703,
ESTAT:TPS00176(1.0),27/04/21 23:00:00,A,TOTAL,COMPLET,TOTAL,NR,T,BE,2018,137860,
ESTAT:TPS00176(1.0),27/04/21 23:00:00,A,TOTAL,COMPLET,TOTAL,NR,T,BE,2019,150006,
ESTAT:TPS00176(1.0),27/04/21 23:00:00,A,TOTAL,COMPLET,TOTAL,NR,T,BG,2012,14103,bp
ESTAT:TPS00176(1.0),27/04/21 23:00:00,A,TOTAL,COMPLET,TOTAL,NR,T,BG,2013,18570,p
ESTAT:TPS00176(1.0),27/04/21 23:00:00,A,TOTAL,COMPLET,TOTAL,NR,T,BG,2014,26615,p
ESTAT:TPS00176(1.0),27/04/21 23:00:00,A,TOTAL,COMPLET,TOTAL,NR,T,BG,2015,25223,p
ESTAT:TPS00176(1.0),27/04/21 23:00:00,A,TOTAL,COMPLET,TOTAL,NR,T,BG,2016,21241,
ESTAT:TPS00176(1.0),27/04/21 23:00:00,A,TOTAL,COMPLET,TOTAL,NR,T,BG,2017,25597,p
ESTAT:TPS00176(1.0),27/04/21 23:00:00,A,TOTAL,COMPLET,TOTAL,NR,T,BG,2018,29559,p
ESTAT:TPS00176(1.0),27/04/21 23:00:00,A,TOTAL,COMPLET,TOTAL,NR,T,BG,2019,37929,p
ESTAT:TPS00176(1.0),27/04/21 23:00:00,A,TOTAL,COMPLET,TOTAL,NR,T,CH,2008,184297,
ESTAT:TPS00176(1.0),27/04/21 23:00:00,A,TOTAL,COMPLET,TOTAL,NR,T,CH,2009,160623,
ESTAT:TPS00176(1.0),27/04/21 23:00:00,A,TOTAL,COMPLET,TOTAL,NR,T,CH,2010,161778,
ESTAT:TPS00176(1.0),27/04/21 23:00:00,A,TOTAL,COMPLET,TOTAL,NR,T,CH,2011,148799,b
ESTAT:TPS00176(1.0),27/04/21 23:00:00,A,TOTAL,COMPLET,TOTAL,NR,T,CH,2012,149051,
ESTAT:TPS00176(1.0),27/04/21 23:00:00,A,TOTAL,COMPLET,TOTAL,NR,T,CH,2013,160157,
ESTAT:TPS00176(1.0),27/04/21 23:00:00,A,TOTAL,COMPLET,TOTAL,NR,T,CH,2014,156282,
ESTAT:TPS00176(1.0),27/04/21 23:00:00,A,TOTAL,COMPLET,TOTAL,NR,T,CH,2015,153627,
ESTAT:TPS00176(1.0),27/04/21 23:00:00,A,TOTAL,COMPLET,TOTAL,NR,T,CH,2016,149305,
ESTAT:TPS00176(1.0),27/04/21 23:00:00,A,TOTAL,COMPLET,TOTAL,NR,T,CH,2017,143377,
ESTAT:TPS00176(1.0),27/04/21 23:00:00,A,TOTAL,COMPLET,TOTAL,NR,T,CH,2018,144857,
ESTAT:TPS00176(1.0),27/04/21 23:00:00,A,TOTAL,COMPLET,TOTAL,NR,T,CH,2019,145129,
ESTAT:TPS00176(1.0),27/04/21 23:00:00,A,TOTAL,COMPLET,TOTAL,NR,T,CY,2008,21060,
ESTAT:TPS00176(1.0),27/04/21 23:00:00,A,TOTAL,COMPLET,TOTAL,NR,T,CY,2009,22581,b
ESTAT:TPS00176(1.0),27/04/21 23:00:00,A,TOTAL,COMPLET,TOTAL,NR,T,CY,2010,20206,
ESTAT:TPS00176(1.0),27/04/21 23:00:00,A,TOTAL,COMPLET,TOTAL,NR,T,CY,2011,23037,
ESTAT:TPS00176(1.0),27/04/21 23:00:00,A,TOTAL,COMPLET,TOTAL,NR,T,CY,2012,17476,
ESTAT:TPS00176(1.0),27/04/21 23:00:00,A,TOTAL,COMPLET,TOTAL,NR,T,CY,2013,13149,
ESTAT:TPS00176(1.0),27/04/21 23:00:00,A,TOTAL,COMPLET,TOTAL,NR,T,CY,2014,9212,
ESTAT:TPS00176(1.0),27/04/21 23:00:00,A,TOTAL,COMPLET,TOTAL,NR,T,CY,2015,15183,
ESTAT:TPS00176(1.0),27/04/21 23:00:00,A,TOTAL,COMPLET,TOTAL,NR,T,CY,2016,17391,
ESTAT:TPS00176(1.0),27/04/21 23:00:00,A,TOTAL,COMPLET,TOTAL,NR,T,CY,2017,21306,
ESTAT:TPS00176(1.0),27/04/21 23:00:00,A,TOTAL,COMPLET,TOTAL,NR,T,CY,2018,23442,
ESTAT:TPS00176(1.0),27/04/21 23:00:00,A,TOTAL,COMPLET,TOTAL,NR,T,CY,2019,26170,
ESTAT:TPS00176(1.0),27/04/21 23:00:00,A,TOTAL,COMPLET,TOTAL,NR,T,CZ,2008,108267,b
ESTAT:TPS00176(1.0),27/04/21 23:00:00,A,TOTAL,COMPLET,TOTAL,NR,T,CZ,2009,75620,
ESTAT:TPS00176(1.0),27/04/21 23:00:00,A,TOTAL,COMPLET,TOTAL,NR,T,CZ,2010,48317,
ESTAT:TPS00176(1.0),27/04/21 23:00:00,A,TOTAL,COMPLET,TOTAL,NR,T,CZ,2011,27114,b
ESTAT:TPS00176(1.0),27/04/21 23:00:00,A,TOTAL,COMPLET,TOTAL,NR,T,CZ,2012,34337,
ESTAT:TPS00176(1.0),27/04/21 23:00:00,A,TOTAL,COMPLET,TOTAL,NR,T,CZ,2013,30124,b
ESTAT:TPS00176(1.0),27/04/21 23:00:00,A,TOTAL,COMPLET,TOTAL,NR,T,CZ,2014,29897,
ESTAT:TPS00176(1.0),27/04/21 23:00:00,A,TOTAL,COMPLET,TOTAL,NR,T,CZ,2015,29602,
ESTAT:TPS00176(1.0),27/04/21 23:00:00,A,TOTAL,COMPLET,TOTAL,NR,T,CZ,2016,64083,
ESTAT:TPS00176(1.0),27/04/21 23:00:00,A,TOTAL,COMPLET,TOTAL,NR,T,CZ,2017,51847,
ESTAT:TPS00176(1.0),27/04/21 23:00:00,A,TOTAL,COMPLET,TOTAL,NR,T,CZ,2018,65910,
ESTAT:TPS00176(1.0),27/04/21 23:00:00,A,TOTAL,COMPLET,TOTAL,NR,T,CZ,2019,105888,
ESTAT:TPS00176(1.0),27/04/21 23:00:00,A,TOTAL,COMPLET,TOTAL,NR,T,DE,2008,682146,
ESTAT:TPS00176(1.0),27/04/21 23:00:00,A,TOTAL,COMPLET,TOTAL,NR,T,DE,2009,346216,b
ESTAT:TPS00176(1.0),27/04/21 23:00:00,A,TOTAL,COMPLET,TOTAL,NR,T,DE,2010,404055,
ESTAT:TPS00176(1.0),27/04/21 23:00:00,A,TOTAL,COMPLET,TOTAL,NR,T,DE,2011,489422,
ESTAT:TPS00176(1.0),27/04/21 23:00:00,A,TOTAL,COMPLET,TOTAL,NR,T,DE,2012,592175,
ESTAT:TPS00176(1.0),27/04/21 23:00:00,A,TOTAL,COMPLET,TOTAL,NR,T,DE,2013,692713,
ESTAT:TPS00176(1.0),27/04/21 23:00:00,A,TOTAL,COMPLET,TOTAL,NR,T,DE,2014,884893,e
ESTAT:TPS00176(1.0),27/04/21 23:00:00,A,TOTAL,COMPLET,TOTAL,NR,T,DE,2015,1571047,e
ESTAT:TPS00176(1.0),27/04/21 23:00:00,A,TOTAL,COMPLET,TOTAL,NR,T,DE,2016,1029852,b
ESTAT:TPS00176(1.0),27/04/21 23:00:00,A,TOTAL,COMPLET,TOTAL,NR,T,DE,2017,917109,be
ESTAT:TPS00176(1.0),27/04/21 23:00:00,A,TOTAL,COMPLET,TOTAL,NR,T,DE,2018,893886,be
ESTAT:TPS00176(1.0),27/04/21 23:00:00,A,TOTAL,COMPLET,TOTAL,NR,T,DE,2019,886341,be
ESTAT:TPS00176(1.0),27/04/21 23:00:00,A,TOTAL,COMPLET,TOTAL,NR,T,DK,2008,57357,b
ESTAT:TPS00176(1.0),27/04/21 23:00:00,A,TOTAL,COMPLET,TOTAL,NR,T,DK,2009,51800,
ESTAT:TPS00176(1.0),27/04/21 23:00:00,A,TOTAL,COMPLET,TOTAL,NR,T,DK,2010,52236,
ESTAT:TPS00176(1.0),27/04/21 23:00:00,A,TOTAL,COMPLET,TOTAL,NR,T,DK,2011,52833,
ESTAT:TPS00176(1.0),27/04/21 23:00:00,A,TOTAL,COMPLET,TOTAL,NR,T,DK,2012,54409,
ESTAT:TPS00176(1.0),27/04/21 23:00:00,A,TOTAL,COMPLET,TOTAL,NR,T,DK,2013,60312,
ESTAT:TPS00176(1.0),27/04/21 23:00:00,A,TOTAL,COMPLET,TOTAL,NR,T,DK,2014,68388,
ESTAT:TPS00176(1.0),27/04/21 23:00:00,A,TOTAL,COMPLET,TOTAL,NR,T,DK,2015,78492,
ESTAT:TPS00176(1.0),27/04/21 23:00:00,A,TOTAL,COMPLET,TOTAL,NR,T,DK,2016,74383,
ESTAT:TPS00176(1.0),27/04/21 23:00:00,A,TOTAL,COMPLET,TOTAL,NR,T,DK,2017,68579,
ESTAT:TPS00176(1.0),27/04/21 23:00:00,A,TOTAL,COMPLET,TOTAL,NR,T,DK,2018,64669,
ESTAT:TPS00176(1.0),27/04/21 23:00:00,A,TOTAL,COMPLET,TOTAL,NR,T,DK,2019,61384,
ESTAT:TPS00176(1.0),27/04/21 23:00:00,A,TOTAL,COMPLET,TOTAL,NR,T,EE,2008,3671,
ESTAT:TPS00176(1.0),27/04/21 23:00:00,A,TOTAL,COMPLET,TOTAL,NR,T,EE,2009,3884,
ESTAT:TPS00176(1.0),27/04/21 23:00:00,A,TOTAL,COMPLET,TOTAL,NR,T,EE,2010,2810,
ESTAT:TPS00176(1.0),27/04/21 23:00:00,A,TOTAL,COMPLET,TOTAL,NR,T,EE,2011,3709,
ESTAT:TPS00176(1.0),27/04/21 23:00:00,A,TOTAL,COMPLET,TOTAL,NR,T,EE,2012,2639,
ESTAT:TPS00176(1.0),27/04/21 23:00:00,A,TOTAL,COMPLET,TOTAL,NR,T,EE,2013,4109,
ESTAT:TPS00176(1.0),27/04/21 23:00:00,A,TOTAL,COMPLET,TOTAL,NR,T,EE,2014,3904,
ESTAT:TPS00176(1.0),27/04/21 23:00:00,A,TOTAL,COMPLET,TOTAL,NR,T,EE,2015,15413,b
ESTAT:TPS00176(1.0),27/04/21 23:00:00,A,TOTAL,COMPLET,TOTAL,NR,T,EE,2016,14822,
ESTAT:TPS00176(1.0),27/04/21 23:00:00,A,TOTAL,COMPLET,TOTAL,NR,T,EE,2017,17616,
ESTAT:TPS00176(1.0),27/04/21 23:00:00,A,TOTAL,COMPLET,TOTAL,NR,T,EE,2018,17547,
ESTAT:TPS00176(1.0),27/04/21 23:00:00,A,TOTAL,COMPLET,TOTAL,NR,T,EE,2019,18259,
ESTAT:TPS00176(1.0),27/04/21 23:00:00,A,TOTAL,COMPLET,TOTAL,NR,T,EL,2008,66529,
ESTAT:TPS00176(1.0),27/04/21 23:00:00,A,TOTAL,COMPLET,TOTAL,NR,T,EL,2009,58613,
ESTAT:TPS00176(1.0),27/04/21 23:00:00,A,TOTAL,COMPLET,TOTAL,NR,T,EL,2010,60462,
ESTAT:TPS00176(1.0),27/04/21 23:00:00,A,TOTAL,COMPLET,TOTAL,NR,T,EL,2011,60089,b
ESTAT:TPS00176(1.0),27/04/21 23:00:00,A,TOTAL,COMPLET,TOTAL,NR,T,EL,2012,58200,
ESTAT:TPS00176(1.0),27/04/21 23:00:00,A,TOTAL,COMPLET,TOTAL,NR,T,EL,2013,57946,
ESTAT:TPS00176(1.0),27/04/21 23:00:00,A,TOTAL,COMPLET,TOTAL,NR,T,EL,2014,59013,
ESTAT:TPS00176(1.0),27/04/21 23:00:00,A,TOTAL,COMPLET,TOTAL,NR,T,EL,2015,64446,b
ESTAT:TPS00176(1.0),27/04/21 23:00:00,A,TOTAL,COMPLET,TOTAL,NR,T,EL,2016,116867,b
ESTAT:TPS00176(1.0),27/04/21 23:00:00,A,TOTAL,COMPLET,TOTAL,NR,T,EL,2017,112247,
ESTAT:TPS00176(1.0),27/04/21 23:00:00,A,TOTAL,COMPLET,TOTAL,NR,T,EL,2018,119489,
ESTAT:TPS00176(1.0),27/04/21 23:00:00,A,TOTAL,COMPLET,TOTAL,NR,T,EL,2019,129459,
ESTAT:TPS00176(1.0),27/04/21 23:00:00,A,TOTAL,COMPLET,TOTAL,NR,T,ES,2008,599075,b
ESTAT:TPS00176(1.0),27/04/21 23:00:00,A,TOTAL,COMPLET,TOTAL,NR,T,ES,2009,392962,
ESTAT:TPS00176(1.0),27/04/21 23:00:00,A,TOTAL,COMPLET,TOTAL,NR,T,ES,2010,360705,
ESTAT:TPS00176(1.0),27/04/21 23:00:00,A,TOTAL,COMPLET,TOTAL,NR,T,ES,2011,371331,
ESTAT:TPS00176(1.0),27/04/21 23:00:00,A,TOTAL,COMPLET,TOTAL,NR,T,ES,2012,304053,
ESTAT:TPS00176(1.0),27/04/21 23:00:00,A,TOTAL,COMPLET,TOTAL,NR,T,ES,2013,280772,
ESTAT:TPS00176(1.0),27/04/21 23:00:00,A,TOTAL,COMPLET,TOTAL,NR,T,ES,2014,305454,
ESTAT:TPS00176(1.0),27/04/21 23:00:00,A,TOTAL,COMPLET,TOTAL,NR,T,ES,2015,342114,
ESTAT:TPS00176(1.0),27/04/21 23:00:00,A,TOTAL,COMPLET,TOTAL,NR,T,ES,2016,414746,
ESTAT:TPS00176(1.0),27/04/21 23:00:00,A,TOTAL,COMPLET,TOTAL,NR,T,ES,2017,532132,
ESTAT:TPS00176(1.0),27/04/21 23:00:00,A,TOTAL,COMPLET,TOTAL,NR,T,ES,2018,643684,
ESTAT:TPS00176(1.0),27/04/21 23:00:00,A,TOTAL,COMPLET,TOTAL,NR,T,ES,2019,750480,
ESTAT:TPS00176(1.0),27/04/21 23:00:00,A,TOTAL,COMPLET,TOTAL,NR,T,FI,2008,29114,
ESTAT:TPS00176(1.0),27/04/21 23:00:00,A,TOTAL,COMPLET,TOTAL,NR,T,FI,2009,26699,
ESTAT:TPS00176(1.0),27/04/21 23:00:00,A,TOTAL,COMPLET,TOTAL,NR,T,FI,2010,25636,
ESTAT:TPS00176(1.0),27/04/21 23:00:00,A,TOTAL,COMPLET,TOTAL,NR,T,FI,2011,29481,
ESTAT:TPS00176(1.0),27/04/21 23:00:00,A,TOTAL,COMPLET,TOTAL,NR,T,FI,2012,31278,
ESTAT:TPS00176(1.0),27/04/21 23:00:00,A,TOTAL,COMPLET,TOTAL,NR,T,FI,2013,31941,
ESTAT:TPS00176(1.0),27/04/21 23:00:00,A,TOTAL,COMPLET,TOTAL,NR,T,FI,2014,31507,
ESTAT:TPS00176(1.0),27/04/21 23:00:00,A,TOTAL,COMPLET,TOTAL,NR,T,FI,2015,28746,
ESTAT:TPS00176(1.0),27/04/21 23:00:00,A,TOTAL,COMPLET,TOTAL,NR,T,FI,2016,34905,
ESTAT:TPS00176(1.0),27/04/21 23:00:00,A,TOTAL,COMPLET,TOTAL,NR,T,FI,2017,31797,
ESTAT:TPS00176(1.0),27/04/21 23:00:00,A,TOTAL,COMPLET,TOTAL,NR,T,FI,2018,31106,
ESTAT:TPS00176(1.0),27/04/21 23:00:00,A,TOTAL,COMPLET,TOTAL,NR,T,FI,2019,32758,
ESTAT:TPS00176(1.0),27/04/21 23:00:00,A,TOTAL,COMPLET,TOTAL,NR,T,FR,2008,296608,
ESTAT:TPS00176(1.0),27/04/21 23:00:00,A,TOTAL,COMPLET,TOTAL,NR,T,FR,2009,296970,
ESTAT:TPS00176(1.0),27/04/21 23:00:00,A,TOTAL,COMPLET,TOTAL,NR,T,FR,2010,307111,b
ESTAT:TPS00176(1.0),27/04/21 23:00:00,A,TOTAL,COMPLET,TOTAL,NR,T,FR,2011,319816,
ESTAT:TPS00176(1.0),27/04/21 23:00:00,A,TOTAL,COMPLET,TOTAL,NR,T,FR,2012,327431,
ESTAT:TPS00176(1.0),27/04/21 23:00:00,A,TOTAL,COMPLET,TOTAL,NR,T,FR,2013,338752,
ESTAT:TPS00176(1.0),27/04/21 23:00:00,A,TOTAL,COMPLET,TOTAL,NR,T,FR,2014,340383,
ESTAT:TPS00176(1.0),27/04/21 23:00:00,A,TOTAL,COMPLET,TOTAL,NR,T,FR,2015,364221,
ESTAT:TPS00176(1.0),27/04/21 23:00:00,A,TOTAL,COMPLET,TOTAL,NR,T,FR,2016,377709,
ESTAT:TPS00176(1.0),27/04/21 23:00:00,A,TOTAL,COMPLET,TOTAL,NR,T,FR,2017,369621,
ESTAT:TPS00176(1.0),27/04/21 23:00:00,A,TOTAL,COMPLET,TOTAL,NR,T,FR,2018,387158,
ESTAT:TPS00176(1.0),27/04/21 23:00:00,A,TOTAL,COMPLET,TOTAL,NR,T,FR,2019,385591,
ESTAT:TPS00176(1.0),27/04/21 23:00:00,A,TOTAL,COMPLET,TOTAL,NR,T,HR,2008,16883,b
ESTAT:TPS00176(1.0),27/04/21 23:00:00,A,TOTAL,COMPLET,TOTAL,NR,T,HR,2009,13213,
ESTAT:TPS00176(1.0),27/04/21 23:00:00,A,TOTAL,COMPLET,TOTAL,NR,T,HR,2010,8846,
ESTAT:TPS00176(1.0),27/04/21 23:00:00,A,TOTAL,COMPLET,TOTAL,NR,T,HR,2011,8534,
ESTAT:TPS00176(1.0),27/04/21 23:00:00,A,TOTAL,COMPLET,TOTAL,NR,T,HR,2012,8959,
ESTAT:TPS00176(1.0),27/04/21 23:00:00,A,TOTAL,COMPLET,TOTAL,NR,T,HR,2013,10378,
ESTAT:TPS00176(1.0),27/04/21 23:00:00,A,TOTAL,COMPLET,TOTAL,NR,T,HR,2014,10638,
ESTAT:TPS00176(1.0),27/04/21 23:00:00,A,TOTAL,COMPLET,TOTAL,NR,T,HR,2015,11706,
ESTAT:TPS00176(1.0),27/04/21 23:00:00,A,TOTAL,COMPLET,TOTAL,NR,T,HR,2016,13985,
ESTAT:TPS00176(1.0),27/04/21 23:00:00,A,TOTAL,COMPLET,TOTAL,NR,T,HR,2017,15553,
ESTAT:TPS00176(1.0),27/04/21 23:00:00,A,TOTAL,COMPLET,TOTAL,NR,T,HR,2018,26029,
ESTAT:TPS00176(1.0),27/04/21 23:00:00,A,TOTAL,COMPLET,TOTAL,NR,T,HR,2019,37726,
ESTAT:TPS00176(1.0),27/04/21 23:00:00,A,TOTAL,COMPLET,TOTAL,NR,T,HU,2008,37652,b
ESTAT:TPS00176(1.0),27/04/21 23:00:00,A,TOTAL,COMPLET,TOTAL,NR,T,HU,2009,27894,
ESTAT:TPS00176(1.0),27/04/21 23:00:00,A,TOTAL,COMPLET,TOTAL,NR,T,HU,2010,25519,b
ESTAT:TPS00176(1.0),27/04/21 23:00:00,A,TOTAL,COMPLET,TOTAL,NR,T,HU,2011,28018,
ESTAT:TPS00176(1.0),27/04/21 23:00:00,A,TOTAL,COMPLET,TOTAL,NR,T,HU,2012,33702,
ESTAT:TPS00176(1.0),27/04/21 23:00:00,A,TOTAL,COMPLET,TOTAL,NR,T,HU,2013,38968,
ESTAT:TPS00176(1.0),27/04/21 23:00:00,A,TOTAL,COMPLET,TOTAL,NR,T,HU,2014,54581,
ESTAT:TPS00176(1.0),27/04/21 23:00:00,A,TOTAL,COMPLET,TOTAL,NR,T,HU,2015,58344,
ESTAT:TPS00176(1.0),27/04/21 23:00:00,A,TOTAL,COMPLET,TOTAL,NR,T,HU,2016,53618,
ESTAT:TPS00176(1.0),27/04/21 23:00:00,A,TOTAL,COMPLET,TOTAL,NR,T,HU,2017,68070,
ESTAT:TPS00176(1.0),27/04/21 23:00:00,A,TOTAL,COMPLET,TOTAL,NR,T,HU,2018,82937,
ESTAT:TPS00176(1.0),27/04/21 23:00:00,A,TOTAL,COMPLET,TOTAL,NR,T,HU,2019,88581,
ESTAT:TPS00176(1.0),27/04/21 23:00:00,A,TOTAL,COMPLET,TOTAL,NR,T,IE,2008,82592,
ESTAT:TPS00176(1.0),27/04/21 23:00:00,A,TOTAL,COMPLET,TOTAL,NR,T,IE,2009,50604,
ESTAT:TPS00176(1.0),27/04/21 23:00:00,A,TOTAL,COMPLET,TOTAL,NR,T,IE,2010,52339,
ESTAT:TPS00176(1.0),27/04/21 23:00:00,A,TOTAL,COMPLET,TOTAL,NR,T,IE,2011,57292,b
ESTAT:TPS00176(1.0),27/04/21 23:00:00,A,TOTAL,COMPLET,TOTAL,NR,T,IE,2012,61324,
ESTAT:TPS00176(1.0),27/04/21 23:00:00,A,TOTAL,COMPLET,TOTAL,NR,T,IE,2013,65539,
ESTAT:TPS00176(1.0),27/04/21 23:00:00,A,TOTAL,COMPLET,TOTAL,NR,T,IE,2014,73519,
ESTAT:TPS00176(1.0),27/04/21 23:00:00,A,TOTAL,COMPLET,TOTAL,NR,T,IE,2015,80792,
ESTAT:TPS00176(1.0),27/04/21 23:00:00,A,TOTAL,COMPLET,TOTAL,NR,T,IE,2016,85185,
ESTAT:TPS00176(1.0),27/04/21 23:00:00,A,TOTAL,COMPLET,TOTAL,NR,T,IE,2017,78499,
ESTAT:TPS00176(1.0),27/04/21 23:00:00,A,TOTAL,COMPLET,TOTAL,NR,T,IE,2018,97712,
ESTAT:TPS00176(1.0),27/04/21 23:00:00,A,TOTAL,COMPLET,TOTAL,NR,T,IE,2019,85630,
ESTAT:TPS00176(1.0),27/04/21 23:00:00,A,TOTAL,COMPLET,TOTAL,NR,T,IS,2008,10288,
ESTAT:TPS00176(1.0),27/04/21 23:00:00,A,TOTAL,COMPLET,TOTAL,NR,T,IS,2009,3921,b
ESTAT:TPS00176(1.0),27/04/21 23:00:00,A,TOTAL,COMPLET,TOTAL,NR,T,IS,2010,3948,
ESTAT:TPS00176(1.0),27/04/21 23:00:00,A,TOTAL,COMPLET,TOTAL,NR,T,IS,2011,4073,
ESTAT:TPS00176(1.0),27/04/21 23:00:00,A,TOTAL,COMPLET,TOTAL,NR,T,IS,2012,4960,
ESTAT:TPS00176(1.0),27/04/21 23:00:00,A,TOTAL,COMPLET,TOTAL,NR,T,IS,2013,6406,
ESTAT:TPS00176(1.0),27/04/21 23:00:00,A,TOTAL,COMPLET,TOTAL,NR,T,IS,2014,5368,
ESTAT:TPS00176(1.0),27/04/21 23:00:00,A,TOTAL,COMPLET,TOTAL,NR,T,IS,2015,5635,
ESTAT:TPS00176(1.0),27/04/21 23:00:00,A,TOTAL,COMPLET,TOTAL,NR,T,IS,2016,8710,
ESTAT:TPS00176(1.0),27/04/21 23:00:00,A,TOTAL,COMPLET,TOTAL,NR,T,IS,2017,12116,
ESTAT:TPS00176(1.0),27/04/21 23:00:00,A,TOTAL,COMPLET,TOTAL,NR,T,IS,2018,11830,
ESTAT:TPS00176(1.0),27/04/21 23:00:00,A,TOTAL,COMPLET,TOTAL,NR,T,IS,2019,9872,
ESTAT:TPS00176(1.0),27/04/21 23:00:00,A,TOTAL,COMPLET,TOTAL,NR,T,IT,2008,534712,
ESTAT:TPS00176(1.0),27/04/21 23:00:00,A,TOTAL,COMPLET,TOTAL,NR,T,IT,2009,442940,
ESTAT:TPS00176(1.0),27/04/21 23:00:00,A,TOTAL,COMPLET,TOTAL,NR,T,IT,2010,458856,
ESTAT:TPS00176(1.0),27/04/21 23:00:00,A,TOTAL,COMPLET,TOTAL,NR,T,IT,2011,385793,
ESTAT:TPS00176(1.0),27/04/21 23:00:00,A,TOTAL,COMPLET,TOTAL,NR,T,IT,2012,350772,
ESTAT:TPS00176(1.0),27/04/21 23:00:00,A,TOTAL,COMPLET,TOTAL,NR,T,IT,2013,307454,
ESTAT:TPS00176(1.0),27/04/21 23:00:00,A,TOTAL,COMPLET,TOTAL,NR,T,IT,2014,277631,
ESTAT:TPS00176(1.0),27/04/21 23:00:00,A,TOTAL,COMPLET,TOTAL,NR,T,IT,2015,280078,
ESTAT:TPS00176(1.0),27/04/21 23:00:00,A,TOTAL,COMPLET,TOTAL,NR,T,IT,2016,300823,
ESTAT:TPS00176(1.0),27/04/21 23:00:00,A,TOTAL,COMPLET,TOTAL,NR,T,IT,2017,343440,
ESTAT:TPS00176(1.0),27/04/21 23:00:00,A,TOTAL,COMPLET,TOTAL,NR,T,IT,2018,332324,
ESTAT:TPS00176(1.0),27/04/21 23:00:00,A,TOTAL,COMPLET,TOTAL,NR,T,IT,2019,332778,
ESTAT:TPS00176(1.0),27/04/21 23:00:00,A,TOTAL,COMPLET,TOTAL,NR,T,LI,2008,578,b
ESTAT:TPS00176(1.0),27/04/21 23:00:00,A,TOTAL,COMPLET,TOTAL,NR,T,LI,2009,584,
ESTAT:TPS00176(1.0),27/04/21 23:00:00,A,TOTAL,COMPLET,TOTAL,NR,T,LI,2010,591,
ESTAT:TPS00176(1.0),27/04/21 23:00:00,A,TOTAL,COMPLET,TOTAL,NR,T,LI,2011,650,
ESTAT:TPS00176(1.0),27/04/21 23:00:00,A,TOTAL,COMPLET,TOTAL,NR,T,LI,2012,671,
ESTAT:TPS00176(1.0),27/04/21 23:00:00,A,TOTAL,COMPLET,TOTAL,NR,T,LI,2013,696,
ESTAT:TPS00176(1.0),27/04/21 23:00:00,A,TOTAL,COMPLET,TOTAL,NR,T,LI,2014,615,
ESTAT:TPS00176(1.0),27/04/21 23:00:00,A,TOTAL,COMPLET,TOTAL,NR,T,LI,2015,657,
ESTAT:TPS00176(1.0),27/04/21 23:00:00,A,TOTAL,COMPLET,TOTAL,NR,T,LI,2016,607,
ESTAT:TPS00176(1.0),27/04/21 23:00:00,A,TOTAL,COMPLET,TOTAL,NR,T,LI,2017,645,
ESTAT:TPS00176(1.0),27/04/21 23:00:00,A,TOTAL,COMPLET,TOTAL,NR,T,LI,2018,649,
ESTAT:TPS00176(1.0),27/04/21 23:00:00,A,TOTAL,COMPLET,TOTAL,NR,T,LI,2019,727,
ESTAT:TPS00176(1.0),27/04/21 23:00:00,A,TOTAL,COMPLET,TOTAL,NR,T,LT,2008,9297,
ESTAT:TPS00176(1.0),27/04/21 23:00:00,A,TOTAL,COMPLET,TOTAL,NR,T,LT,2009,6487,
ESTAT:TPS00176(1.0),27/04/21 23:00:00,A,TOTAL,COMPLET,TOTAL,NR,T,LT,2010,5213,
ESTAT:TPS00176(1.0),27/04/21 23:00:00,A,TOTAL,COMPLET,TOTAL,NR,T,LT,2011,15685,
ESTAT:TPS00176(1.0),27/04/21 23:00:00,A,TOTAL,COMPLET,TOTAL,NR,T,LT,2012,19843,
ESTAT:TPS00176(1.0),27/04/21 23:00:00,A,TOTAL,COMPLET,TOTAL,NR,T,LT,2013,22011,
ESTAT:TPS00176(1.0),27/04/21 23:00:00,A,TOTAL,COMPLET,TOTAL,NR,T,LT,2014,24294,
ESTAT:TPS00176(1.0),27/04/21 23:00:00,A,TOTAL,COMPLET,TOTAL,NR,T,LT,2015,22130,
ESTAT:TPS00176(1.0),27/04/21 23:00:00,A,TOTAL,COMPLET,TOTAL,NR,T,LT,2016,20162,
ESTAT:TPS00176(1.0),27/04/21 23:00:00,A,TOTAL,COMPLET,TOTAL,NR,T,LT,2017,20368,
ESTAT:TPS00176(1.0),27/04/21 23:00:00,A,TOTAL,COMPLET,TOTAL,NR,T,LT,2018,28914,
ESTAT:TPS00176(1.0),27/04/21 23:00:00,A,TOTAL,COMPLET,TOTAL,NR,T,LT,2019,40067,
ESTAT:TPS00176(1.0),27/04/21 23:00:00,A,TOTAL,COMPLET,TOTAL,NR,T,LU,2008,17758,
ESTAT:TPS00176(1.0),27/04/21 23:00:00,A,TOTAL,COMPLET,TOTAL,NR,T,LU,2009,15751,
ESTAT:TPS00176(1.0),27/04/21 23:00:00,A,TOTAL,COMPLET,TOTAL,NR,T,LU,2010,16962,
ESTAT:TPS00176(1.0),27/04/21 23:00:00,A,TOTAL,COMPLET,TOTAL,NR,T,LU,2011,20268,
ESTAT:TPS00176(1.0),27/04/21 23:00:00,A,TOTAL,COMPLET,TOTAL,NR,T,LU,2012,20478,
ESTAT:TPS00176(1.0),27/04/21 23:00:00,A,TOTAL,COMPLET,TOTAL,NR,T,LU,2013,21098,
ESTAT:TPS00176(1.0),27/04/21 23:00:00,A,TOTAL,COMPLET,TOTAL,NR,T,LU,2014,22332,
ESTAT:TPS00176(1.0),27/04/21 23:00:00,A,TOTAL,COMPLET,TOTAL,NR,T,LU,2015,23803,
ESTAT:TPS00176(1.0),27/04/21 23:00:00,A,TOTAL,COMPLET,TOTAL,NR,T,LU,2016,22888,
ESTAT:TPS00176(1.0),27/04/21 23:00:00,A,TOTAL,COMPLET,TOTAL,NR,T,LU,2017,24379,
ESTAT:TPS00176(1.0),27/04/21 23:00:00,A,TOTAL,COMPLET,TOTAL,NR,T,LU,2018,24644,
ESTAT:TPS00176(1.0),27/04/21 23:00:00,A,TOTAL,COMPLET,TOTAL,NR,T,LU,2019,26668,
ESTAT:TPS00176(1.0),27/04/21 23:00:00,A,TOTAL,COMPLET,TOTAL,NR,T,LV,2008,4678,
ESTAT:TPS00176(1.0),27/04/21 23:00:00,A,TOTAL,COMPLET,TOTAL,NR,T,LV,2009,3731,
ESTAT:TPS00176(1.0),27/04/21 23:00:00,A,TOTAL,COMPLET,TOTAL,NR,T,LV,2010,4011,
ESTAT:TPS00176(1.0),27/04/21 23:00:00,A,TOTAL,COMPLET,TOTAL,NR,T,LV,2011,10234,
ESTAT:TPS00176(1.0),27/04/21 23:00:00,A,TOTAL,COMPLET,TOTAL,NR,T,LV,2012,13303,
ESTAT:TPS00176(1.0),27/04/21 23:00:00,A,TOTAL,COMPLET,TOTAL,NR,T,LV,2013,8299,
ESTAT:TPS00176(1.0),27/04/21 23:00:00,A,TOTAL,COMPLET,TOTAL,NR,T,LV,2014,10365,
ESTAT:TPS00176(1.0),27/04/21 23:00:00,A,TOTAL,COMPLET,TOTAL,NR,T,LV,2015,9479,
ESTAT:TPS00176(1.0),27/04/21 23:00:00,A,TOTAL,COMPLET,TOTAL,NR,T,LV,2016,8345,
ESTAT:TPS00176(1.0),27/04/21 23:00:00,A,TOTAL,COMPLET,TOTAL,NR,T,LV,2017,9916,
ESTAT:TPS00176(1.0),27/04/21 23:00:00,A,TOTAL,COMPLET,TOTAL,NR,T,LV,2018,10909,
ESTAT:TPS00176(1.0),27/04/21 23:00:00,A,TOTAL,COMPLET,TOTAL,NR,T,LV,2019,11223,
ESTAT:TPS00176(1.0),27/04/21 23:00:00,A,TOTAL,COMPLET,TOTAL,NR,T,ME,2010,5749,
ESTAT:TPS00176(1.0),27/04/21 23:00:00,A,TOTAL,COMPLET,TOTAL,NR,T,ME,2011,6025,
ESTAT:TPS00176(1.0),27/04/21 23:00:00,A,TOTAL,COMPLET,TOTAL,NR,T,ME,2012,5727,
ESTAT:TPS00176(1.0),27/04/21 23:00:00,A,TOTAL,COMPLET,TOTAL,NR,T,ME,2013,5112,
ESTAT:TPS00176(1.0),27/04/21 23:00:00,A,TOTAL,COMPLET,TOTAL,NR,T,ME,2014,5353,
ESTAT:TPS00176(1.0),27/04/21 23:00:00,A,TOTAL,COMPLET,TOTAL,NR,T,ME,2015,4553,
ESTAT:TPS00176(1.0),27/04/21 23:00:00,A,TOTAL,COMPLET,TOTAL,NR,T,ME,2016,4904,
ESTAT:TPS00176(1.0),27/04/21 23:00:00,A,TOTAL,COMPLET,TOTAL,NR,T,ME,2017,6684,
ESTAT:TPS00176(1.0),27/04/21 23:00:00,A,TOTAL,COMPLET,TOTAL,NR,T,ME,2018,8643,
ESTAT:TPS00176(1.0),27/04/21 23:00:00,A,TOTAL,COMPLET,TOTAL,NR,T,ME,2019,10737,
ESTAT:TPS00176(1.0),27/04/21 23:00:00,A,TOTAL,COMPLET,TOTAL,NR,T,MK,2008,1052,
ESTAT:TPS00176(1.0),27/04/21 23:00:00,A,TOTAL,COMPLET,TOTAL,NR,T,MK,2009,857,
ESTAT:TPS00176(1.0),27/04/21 23:00:00,A,TOTAL,COMPLET,TOTAL,NR,T,MK,2010,1359,
ESTAT:TPS00176(1.0),27/04/21 23:00:00,A,TOTAL,COMPLET,TOTAL,NR,T,MK,2011,1464,
ESTAT:TPS00176(1.0),27/04/21 23:00:00,A,TOTAL,COMPLET,TOTAL,NR,T,MK,2012,1715,
ESTAT:TPS00176(1.0),27/04/21 23:00:00,A,TOTAL,COMPLET,TOTAL,NR,T,MK,2013,2050,
ESTAT:TPS00176(1.0),27/04/21 23:00:00,A,TOTAL,COMPLET,TOTAL,NR,T,MK,2014,1935,
ESTAT:TPS00176(1.0),27/04/21 23:00:00,A,TOTAL,COMPLET,TOTAL,NR,T,MK,2015,1741,
ESTAT:TPS00176(1.0),27/04/21 23:00:00,A,TOTAL,COMPLET,TOTAL,NR,T,MK,2016,2262,
ESTAT:TPS00176(1.0),27/04/21 23:00:00,A,TOTAL,COMPLET,TOTAL,NR,T,MK,2017,2064,
ESTAT:TPS00176(1.0),27/04/21 23:00:00,A,TOTAL,COMPLET,TOTAL,NR,T,MK,2018,2053,
ESTAT:TPS00176(1.0),27/04/21 23:00:00,A,TOTAL,COMPLET,TOTAL,NR,T,MK,2019,2118,
ESTAT:TPS00176(1.0),27/04/21 23:00:00,A,TOTAL,COMPLET,TOTAL,NR,T,MT,2008,6043,
ESTAT:TPS00176(1.0),27/04/21 23:00:00,A,TOTAL,COMPLET,TOTAL,NR,T,MT,2009,6161,
ESTAT:TPS00176(1.0),27/04/21 23:00:00,A,TOTAL,COMPLET,TOTAL,NR,T,MT,2010,4275,
ESTAT:TPS00176(1.0),27/04/21 23:00:00,A,TOTAL,COMPLET,TOTAL,NR,T,MT,2011,5465,
ESTAT:TPS00176(1.0),27/04/21 23:00:00,A,TOTAL,COMPLET,TOTAL,NR,T,MT,2012,8256,
ESTAT:TPS00176(1.0),27/04/21 23:00:00,A,TOTAL,COMPLET,TOTAL,NR,T,MT,2013,10897,
ESTAT:TPS00176(1.0),27/04/21 23:00:00,A,TOTAL,COMPLET,TOTAL,NR,T,MT,2014,14454,
ESTAT:TPS00176(1.0),27/04/21 23:00:00,A,TOTAL,COMPLET,TOTAL,NR,T,MT,2015,16936,
ESTAT:TPS00176(1.0),27/04/21 23:00:00,A,TOTAL,COMPLET,TOTAL,NR,T,MT,2016,17051,
ESTAT:TPS00176(1.0),27/04/21 23:00:00,A,TOTAL,COMPLET,TOTAL,NR,T,MT,2017,21676,
ESTAT:TPS00176(1.0),27/04/21 23:00:00,A,TOTAL,COMPLET,TOTAL,NR,T,MT,2018,26444,
ESTAT:TPS00176(1.0),27/04/21 23:00:00,A,TOTAL,COMPLET,TOTAL,NR,T,MT,2019,28341,
ESTAT:TPS00176(1.0),27/04/21 23:00:00,A,TOTAL,COMPLET,TOTAL,NR,T,NL,2008,143516,
ESTAT:TPS00176(1.0),27/04/21 23:00:00,A,TOTAL,COMPLET,TOTAL,NR,T,NL,2009,122917,b
ESTAT:TPS00176(1.0),27/04/21 23:00:00,A,TOTAL,COMPLET,TOTAL,NR,T,NL,2010,126776,
ESTAT:TPS00176(1.0),27/04/21 23:00:00,A,TOTAL,COMPLET,TOTAL,NR,T,NL,2011,130118,
ESTAT:TPS00176(1.0),27/04/21 23:00:00,A,TOTAL,COMPLET,TOTAL,NR,T,NL,2012,124566,
ESTAT:TPS00176(1.0),27/04/21 23:00:00,A,TOTAL,COMPLET,TOTAL,NR,T,NL,2013,129428,
ESTAT:TPS00176(1.0),27/04/21 23:00:00,A,TOTAL,COMPLET,TOTAL,NR,T,NL,2014,145323,
ESTAT:TPS00176(1.0),27/04/21 23:00:00,A,TOTAL,COMPLET,TOTAL,NR,T,NL,2015,166872,
ESTAT:TPS00176(1.0),27/04/21 23:00:00,A,TOTAL,COMPLET,TOTAL,NR,T,NL,2016,189232,
ESTAT:TPS00176(1.0),27/04/21 23:00:00,A,TOTAL,COMPLET,TOTAL,NR,T,NL,2017,189646,
ESTAT:TPS00176(1.0),27/04/21 23:00:00,A,TOTAL,COMPLET,TOTAL,NR,T,NL,2018,194306,
ESTAT:TPS00176(1.0),27/04/21 23:00:00,A,TOTAL,COMPLET,TOTAL,NR,T,NL,2019,215756,
ESTAT:TPS00176(1.0),27/04/21 23:00:00,A,TOTAL,COMPLET,TOTAL,NR,T,NO,2008,58123,b
ESTAT:TPS00176(1.0),27/04/21 23:00:00,A,TOTAL,COMPLET,TOTAL,NR,T,NO,2009,55953,
ESTAT:TPS00176(1.0),27/04/21 23:00:00,A,TOTAL,COMPLET,TOTAL,NR,T,NO,2010,69214,
ESTAT:TPS00176(1.0),27/04/21 23:00:00,A,TOTAL,COMPLET,TOTAL,NR,T,NO,2011,70337,
ESTAT:TPS00176(1.0),27/04/21 23:00:00,A,TOTAL,COMPLET,TOTAL,NR,T,NO,2012,69908,
ESTAT:TPS00176(1.0),27/04/21 23:00:00,A,TOTAL,COMPLET,TOTAL,NR,T,NO,2013,68313,
ESTAT:TPS00176(1.0),27/04/21 23:00:00,A,TOTAL,COMPLET,TOTAL,NR,T,NO,2014,66903,
ESTAT:TPS00176(1.0),27/04/21 23:00:00,A,TOTAL,COMPLET,TOTAL,NR,T,NO,2015,60816,
ESTAT:TPS00176(1.0),27/04/21 23:00:00,A,TOTAL,COMPLET,TOTAL,NR,T,NO,2016,61460,
ESTAT:TPS00176(1.0),27/04/21 23:00:00,A,TOTAL,COMPLET,TOTAL,NR,T,NO,2017,53351,
ESTAT:TPS00176(1.0),27/04/21 23:00:00,A,TOTAL,COMPLET,TOTAL,NR,T,NO,2018,47864,
ESTAT:TPS00176(1.0),27/04/21 23:00:00,A,TOTAL,COMPLET,TOTAL,NR,T,NO,2019,48680,
ESTAT:TPS00176(1.0),27/04/21 23:00:00,A,TOTAL,COMPLET,TOTAL,NR,T,PL,2008,15275,
ESTAT:TPS00176(1.0),27/04/21 23:00:00,A,TOTAL,COMPLET,TOTAL,NR,T,PL,2009,189166,b
ESTAT:TPS00176(1.0),27/04/21 23:00:00,A,TOTAL,COMPLET,TOTAL,NR,T,PL,2010,155131,
ESTAT:TPS00176(1.0),27/04/21 23:00:00,A,TOTAL,COMPLET,TOTAL,NR,T,PL,2011,157059,
ESTAT:TPS00176(1.0),27/04/21 23:00:00,A,TOTAL,COMPLET,TOTAL,NR,T,PL,2012,217546,
ESTAT:TPS00176(1.0),27/04/21 23:00:00,A,TOTAL,COMPLET,TOTAL,NR,T,PL,2013,220311,
ESTAT:TPS00176(1.0),27/04/21 23:00:00,A,TOTAL,COMPLET,TOTAL,NR,T,PL,2014,222275,p
ESTAT:TPS00176(1.0),27/04/21 23:00:00,A,TOTAL,COMPLET,TOTAL,NR,T,PL,2015,218147,p
ESTAT:TPS00176(1.0),27/04/21 23:00:00,A,TOTAL,COMPLET,TOTAL,NR,T,PL,2016,208302,ep
ESTAT:TPS00176(1.0),27/04/21 23:00:00,A,TOTAL,COMPLET,TOTAL,NR,T,PL,2017,209353,ep
ESTAT:TPS00176(1.0),27/04/21 23:00:00,A,TOTAL,COMPLET,TOTAL,NR,T,PL,2018,214083,ep
ESTAT:TPS00176(1.0),27/04/21 23:00:00,A,TOTAL,COMPLET,TOTAL,NR,T,PL,2019,226649,ep
ESTAT:TPS00176(1.0),27/04/21 23:00:00,A,TOTAL,COMPLET,TOTAL,NR,T,PT,2008,29718,
ESTAT:TPS00176(1.0),27/04/21 23:00:00,A,TOTAL,COMPLET,TOTAL,NR,T,PT,2009,32307,
ESTAT:TPS00176(1.0),27/04/21 23:00:00,A,TOTAL,COMPLET,TOTAL,NR,T,PT,2010,27575,
ESTAT:TPS00176(1.0),27/04/21 23:00:00,A,TOTAL,COMPLET,TOTAL,NR,T,PT,2011,19667,
ESTAT:TPS00176(1.0),27/04/21 23:00:00,A,TOTAL,COMPLET,TOTAL,NR,T,PT,2012,14606,
ESTAT:TPS00176(1.0),27/04/21 23:00:00,A,TOTAL,COMPLET,TOTAL,NR,T,PT,2013,17554,
ESTAT:TPS00176(1.0),27/04/21 23:00:00,A,TOTAL,COMPLET,TOTAL,NR,T,PT,2014,19516,
ESTAT:TPS00176(1.0),27/04/21 23:00:00,A,TOTAL,COMPLET,TOTAL,NR,T,PT,2015,29896,e
ESTAT:TPS00176(1.0),27/04/21 23:00:00,A,TOTAL,COMPLET,TOTAL,NR,T,PT,2016,29925,e
ESTAT:TPS00176(1.0),27/04/21 23:00:00,A,TOTAL,COMPLET,TOTAL,NR,T,PT,2017,36639,e
ESTAT:TPS00176(1.0),27/04/21 23:00:00,A,TOTAL,COMPLET,TOTAL,NR,T,PT,2018,43170,
ESTAT:TPS00176(1.0),27/04/21 23:00:00,A,TOTAL,COMPLET,TOTAL,NR,T,PT,2019,72725,
ESTAT:TPS00176(1.0),27/04/21 23:00:00,A,TOTAL,COMPLET,TOTAL,NR,T,RO,2008,138929,b
ESTAT:TPS00176(1.0),27/04/21 23:00:00,A,TOTAL,COMPLET,TOTAL,NR,T,RO,2009,135844,
ESTAT:TPS00176(1.0),27/04/21 23:00:00,A,TOTAL,COMPLET,TOTAL,NR,T,RO,2010,149885,
ESTAT:TPS00176(1.0),27/04/21 23:00:00,A,TOTAL,COMPLET,TOTAL,NR,T,RO,2011,147685,
ESTAT:TPS00176(1.0),27/04/21 23:00:00,A,TOTAL,COMPLET,TOTAL,NR,T,RO,2012,167266,
ESTAT:TPS00176(1.0),27/04/21 23:00:00,A,TOTAL,COMPLET,TOTAL,NR,T,RO,2013,153646,
ESTAT:TPS00176(1.0),27/04/21 23:00:00,A,TOTAL,COMPLET,TOTAL,NR,T,RO,2014,136035,
ESTAT:TPS00176(1.0),27/04/21 23:00:00,A,TOTAL,COMPLET,TOTAL,NR,T,RO,2015,132795,e
ESTAT:TPS00176(1.0),27/04/21 23:00:00,A,TOTAL,COMPLET,TOTAL,NR,T,RO,2016,137455,
ESTAT:TPS00176(1.0),27/04/21 23:00:00,A,TOTAL,COMPLET,TOTAL,NR,T,RO,2017,177435,e
ESTAT:TPS00176(1.0),27/04/21 23:00:00,A,TOTAL,COMPLET,TOTAL,NR,T,RO,2018,172578,e
ESTAT:TPS00176(1.0),27/04/21 23:00:00,A,TOTAL,COMPLET,TOTAL,NR,T,RO,2019,202422,e
ESTAT:TPS00176(1.0),27/04/21 23:00:00,A,TOTAL,COMPLET,TOTAL,NR,T,SE,2008,101171,
ESTAT:TPS00176(1.0),27/04/21 23:00:00,A,TOTAL,COMPLET,TOTAL,NR,T,SE,2009,102280,
ESTAT:TPS00176(1.0),27/04/21 23:00:00,A,TOTAL,COMPLET,TOTAL,NR,T,SE,2010,98801,
ESTAT:TPS00176(1.0),27/04/21 23:00:00,A,TOTAL,COMPLET,TOTAL,NR,T,SE,2011,96467,
ESTAT:TPS00176(1.0),27/04/21 23:00:00,A,TOTAL,COMPLET,TOTAL,NR,T,SE,2012,103059,
ESTAT:TPS00176(1.0),27/04/21 23:00:00,A,TOTAL,COMPLET,TOTAL,NR,T,SE,2013,115845,
ESTAT:TPS00176(1.0),27/04/21 23:00:00,A,TOTAL,COMPLET,TOTAL,NR,T,SE,2014,126966,
ESTAT:TPS00176(1.0),27/04/21 23:00:00,A,TOTAL,COMPLET,TOTAL,NR,T,SE,2015,134240,
ESTAT:TPS00176(1.0),27/04/21 23:00:00,A,TOTAL,COMPLET,TOTAL,NR,T,SE,2016,163005,
ESTAT:TPS00176(1.0),27/04/21 23:00:00,A,TOTAL,COMPLET,TOTAL,NR,T,SE,2017,144489,
ESTAT:TPS00176(1.0),27/04/21 23:00:00,A,TOTAL,COMPLET,TOTAL,NR,T,SE,2018,132602,
ESTAT:TPS00176(1.0),27/04/21 23:00:00,A,TOTAL,COMPLET,TOTAL,NR,T,SE,2019,115805,
ESTAT:TPS00176(1.0),27/04/21 23:00:00,A,TOTAL,COMPLET,TOTAL,NR,T,SI,2008,30693,b
ESTAT:TPS00176(1.0),27/04/21 23:00:00,A,TOTAL,COMPLET,TOTAL,NR,T,SI,2009,30296,
ESTAT:TPS00176(1.0),27/04/21 23:00:00,A,TOTAL,COMPLET,TOTAL,NR,T,SI,2010,15416,
ESTAT:TPS00176(1.0),27/04/21 23:00:00,A,TOTAL,COMPLET,TOTAL,NR,T,SI,2011,14083,
ESTAT:TPS00176(1.0),27/04/21 23:00:00,A,TOTAL,COMPLET,TOTAL,NR,T,SI,2012,15022,
ESTAT:TPS00176(1.0),27/04/21 23:00:00,A,TOTAL,COMPLET,TOTAL,NR,T,SI,2013,13871,
ESTAT:TPS00176(1.0),27/04/21 23:00:00,A,TOTAL,COMPLET,TOTAL,NR,T,SI,2014,13846,
ESTAT:TPS00176(1.0),27/04/21 23:00:00,A,TOTAL,COMPLET,TOTAL,NR,T,SI,2015,15420,
ESTAT:TPS00176(1.0),27/04/21 23:00:00,A,TOTAL,COMPLET,TOTAL,NR,T,SI,2016,16623,
ESTAT:TPS00176(1.0),27/04/21 23:00:00,A,TOTAL,COMPLET,TOTAL,NR,T,SI,2017,18808,
ESTAT:TPS00176(1.0),27/04/21 23:00:00,A,TOTAL,COMPLET,TOTAL,NR,T,SI,2018,28455,
ESTAT:TPS00176(1.0),27/04/21 23:00:00,A,TOTAL,COMPLET,TOTAL,NR,T,SI,2019,31319,
ESTAT:TPS00176(1.0),27/04/21 23:00:00,A,TOTAL,COMPLET,TOTAL,NR,T,SK,2008,8765,
ESTAT:TPS00176(1.0),27/04/21 23:00:00,A,TOTAL,COMPLET,TOTAL,NR,T,SK,2009,6346,
ESTAT:TPS00176(1.0),27/04/21 23:00:00,A,TOTAL,COMPLET,TOTAL,NR,T,SK,2010,5272,
ESTAT:TPS00176(1.0),27/04/21 23:00:00,A,TOTAL,COMPLET,TOTAL,NR,T,SK,2011,4829,
ESTAT:TPS00176(1.0),27/04/21 23:00:00,A,TOTAL,COMPLET,TOTAL,NR,T,SK,2012,5419,p
ESTAT:TPS00176(1.0),27/04/21 23:00:00,A,TOTAL,COMPLET,TOTAL,NR,T,SK,2013,5149,p
ESTAT:TPS00176(1.0),27/04/21 23:00:00,A,TOTAL,COMPLET,TOTAL,NR,T,SK,2014,5357,p
ESTAT:TPS00176(1.0),27/04/21 23:00:00,A,TOTAL,COMPLET,TOTAL,NR,T,SK,2015,6997,p
ESTAT:TPS00176(1.0),27/04/21 23:00:00,A,TOTAL,COMPLET,TOTAL,NR,T,SK,2016,7686,p
ESTAT:TPS00176(1.0),27/04/21 23:00:00,A,TOTAL,COMPLET,TOTAL,NR,T,SK,2017,7188,p
ESTAT:TPS00176(1.0),27/04/21 23:00:00,A,TOTAL,COMPLET,TOTAL,NR,T,SK,2018,7253,p
ESTAT:TPS00176(1.0),27/04/21 23:00:00,A,TOTAL,COMPLET,TOTAL,NR,T,SK,2019,7016,p
ESTAT:TPS00176(1.0),27/04/21 23:00:00,A,TOTAL,COMPLET,TOTAL,NR,T,UK,2008,590242,b
ESTAT:TPS00176(1.0),27/04/21 23:00:00,A,TOTAL,COMPLET,TOTAL,NR,T,UK,2009,566514,
ESTAT:TPS00176(1.0),27/04/21 23:00:00,A,TOTAL,COMPLET,TOTAL,NR,T,UK,2010,590950,
ESTAT:TPS00176(1.0),27/04/21 23:00:00,A,TOTAL,COMPLET,TOTAL,NR,T,UK,2011,566044,
ESTAT:TPS00176(1.0),27/04/21 23:00:00,A,TOTAL,COMPLET,TOTAL,NR,T,UK,2012,498040,
ESTAT:TPS00176(1.0),27/04/21 23:00:00,A,TOTAL,COMPLET,TOTAL,NR,T,UK,2013,526046,
ESTAT:TPS00176(1.0),27/04/21 23:00:00,A,TOTAL,COMPLET,TOTAL,NR,T,UK,2014,631991,
ESTAT:TPS00176(1.0),27/04/21 23:00:00,A,TOTAL,COMPLET,TOTAL,NR,T,UK,2015,631452,
ESTAT:TPS00176(1.0),27/04/21 23:00:00,A,TOTAL,COMPLET,TOTAL,NR,T,UK,2016,588993,
ESTAT:TPS00176(1.0),27/04/21 23:00:00,A,TOTAL,COMPLET,TOTAL,NR,T,UK,2017,644209,
ESTAT:TPS00176(1.0),27/04/21 23:00:00,A,TOTAL,COMPLET,TOTAL,NR,T,UK,2018,603953,p
ESTAT:TPS00176(1.0),27/04/21 23:00:00,A,TOTAL,COMPLET,TOTAL,NR,T,UK,2019,680906,
ESTAT:TPS00176(1.0),27/04/21 23:00:00,A,TOTAL,REACH,TOTAL,NR,T,AT,2008,73772,
ESTAT:TPS00176(1.0),27/04/21 23:00:00,A,TOTAL,REACH,TOTAL,NR,T,AT,2009,69295,
ESTAT:TPS00176(1.0),27/04/21 23:00:00,A,TOTAL,REACH,TOTAL,NR,T,AT,2010,70978,
ESTAT:TPS00176(1.0),27/04/21 23:00:00,A,TOTAL,REACH,TOTAL,NR,T,AT,2011,82230,
ESTAT:TPS00176(1.0),27/04/21 23:00:00,A,TOTAL,REACH,TOTAL,NR,T,AT,2012,91557,
ESTAT:TPS00176(1.0),27/04/21 23:00:00,A,TOTAL,REACH,TOTAL,NR,T,AT,2013,101866,
ESTAT:TPS00176(1.0),27/04/21 23:00:00,A,TOTAL,REACH,TOTAL,NR,T,AT,2014,116262,
ESTAT:TPS00176(1.0),27/04/21 23:00:00,A,TOTAL,REACH,TOTAL,NR,T,AT,2015,166323,
ESTAT:TPS00176(1.0),27/04/21 23:00:00,A,TOTAL,REACH,TOTAL,NR,T,AT,2016,129509,
ESTAT:TPS00176(1.0),27/04/21 23:00:00,A,TOTAL,REACH,TOTAL,NR,T,AT,2017,111801,
ESTAT:TPS00176(1.0),27/04/21 23:00:00,A,TOTAL,REACH,TOTAL,NR,T,AT,2018,105633,
ESTAT:TPS00176(1.0),27/04/21 23:00:00,A,TOTAL,REACH,TOTAL,NR,T,AT,2019,109167,
ESTAT:TPS00176(1.0),27/04/21 23:00:00,A,TOTAL,REACH,TOTAL,NR,T,BE,2010,135281,b
ESTAT:TPS00176(1.0),27/04/21 23:00:00,A,TOTAL,REACH,TOTAL,NR,T,BE,2011,147377,b
ESTAT:TPS00176(1.0),27/04/21 23:00:00,A,TOTAL,REACH,TOTAL,NR,T,BE,2012,129477,
ESTAT:TPS00176(1.0),27/04/21 23:00:00,A,TOTAL,REACH,TOTAL,NR,T,BE,2013,120078,
ESTAT:TPS00176(1.0),27/04/21 23:00:00,A,TOTAL,REACH,TOTAL,NR,T,BE,2014,123158,
ESTAT:TPS00176(1.0),27/04/21 23:00:00,A,TOTAL,REACH,TOTAL,NR,T,BE,2015,146626,
ESTAT:TPS00176(1.0),27/04/21 23:00:00,A,TOTAL,REACH,TOTAL,NR,T,BE,2016,123702,
ESTAT:TPS00176(1.0),27/04/21 23:00:00,A,TOTAL,REACH,TOTAL,NR,T,BE,2017,126703,
ESTAT:TPS00176(1.0),27/04/21 23:00:00,A,TOTAL,REACH,TOTAL,NR,T,BE,2018,137860,
ESTAT:TPS00176(1.0),27/04/21 23:00:00,A,TOTAL,REACH,TOTAL,NR,T,BE,2019,150006,
ESTAT:TPS00176(1.0),27/04/21 23:00:00,A,TOTAL,REACH,TOTAL,NR,T,BG,2012,14103,bp
ESTAT:TPS00176(1.0),27/04/21 23:00:00,A,TOTAL,REACH,TOTAL,NR,T,BG,2013,18570,p
ESTAT:TPS00176(1.0),27/04/21 23:00:00,A,TOTAL,REACH,TOTAL,NR,T,BG,2014,26615,p
ESTAT:TPS00176(1.0),27/04/21 23:00:00,A,TOTAL,REACH,TOTAL,NR,T,BG,2015,25223,p
ESTAT:TPS00176(1.0),27/04/21 23:00:00,A,TOTAL,REACH,TOTAL,NR,T,BG,2016,21241,p
ESTAT:TPS00176(1.0),27/04/21 23:00:00,A,TOTAL,REACH,TOTAL,NR,T,BG,2017,25597,p
ESTAT:TPS00176(1.0),27/04/21 23:00:00,A,TOTAL,REACH,TOTAL,NR,T,BG,2018,29559,p
ESTAT:TPS00176(1.0),27/04/21 23:00:00,A,TOTAL,REACH,TOTAL,NR,T,BG,2019,37929,p
ESTAT:TPS00176(1.0),27/04/21 23:00:00,A,TOTAL,REACH,TOTAL,NR,T,CH,2008,184297,
ESTAT:TPS00176(1.0),27/04/21 23:00:00,A,TOTAL,REACH,TOTAL,NR,T,CH,2009,160623,
ESTAT:TPS00176(1.0),27/04/21 23:00:00,A,TOTAL,REACH,TOTAL,NR,T,CH,2010,161778,
ESTAT:TPS00176(1.0),27/04/21 23:00:00,A,TOTAL,REACH,TOTAL,NR,T,CH,2011,148799,b
ESTAT:TPS00176(1.0),27/04/21 23:00:00,A,TOTAL,REACH,TOTAL,NR,T,CH,2012,149051,
ESTAT:TPS00176(1.0),27/04/21 23:00:00,A,TOTAL,REACH,TOTAL,NR,T,CH,2013,160157,
ESTAT:TPS00176(1.0),27/04/21 23:00:00,A,TOTAL,REACH,TOTAL,NR,T,CH,2014,156282,
ESTAT:TPS00176(1.0),27/04/21 23:00:00,A,TOTAL,REACH,TOTAL,NR,T,CH,2015,153627,
ESTAT:TPS00176(1.0),27/04/21 23:00:00,A,TOTAL,REACH,TOTAL,NR,T,CH,2016,149305,
ESTAT:TPS00176(1.0),27/04/21 23:00:00,A,TOTAL,REACH,TOTAL,NR,T,CH,2017,143377,
ESTAT:TPS00176(1.0),27/04/21 23:00:00,A,TOTAL,REACH,TOTAL,NR,T,CH,2018,144857,
ESTAT:TPS00176(1.0),27/04/21 23:00:00,A,TOTAL,REACH,TOTAL,NR,T,CH,2019,145129,
ESTAT:TPS00176(1.0),27/04/21 23:00:00,A,TOTAL,REACH,TOTAL,NR,T,CY,2008,21060,
ESTAT:TPS00176(1.0),27/04/21 23:00:00,A,TOTAL,REACH,TOTAL,NR,T,CY,2009,22581,b
ESTAT:TPS00176(1.0),27/04/21 23:00:00,A,TOTAL,REACH,TOTAL,NR,T,CY,2010,20206,
ESTAT:TPS00176(1.0),27/04/21 23:00:00,A,TOTAL,REACH,TOTAL,NR,T,CY,2011,23037,
ESTAT:TPS00176(1.0),27/04/21 23:00:00,A,TOTAL,REACH,TOTAL,NR,T,CY,2012,17476,
ESTAT:TPS00176(1.0),27/04/21 23:00:00,A,TOTAL,REACH,TOTAL,NR,T,CY,2013,13149,
ESTAT:TPS00176(1.0),27/04/21 23:00:00,A,TOTAL,REACH,TOTAL,NR,T,CY,2014,9212,
ESTAT:TPS00176(1.0),27/04/21 23:00:00,A,TOTAL,REACH,TOTAL,NR,T,CY,2015,15183,
ESTAT:TPS00176(1.0),27/04/21 23:00:00,A,TOTAL,REACH,TOTAL,NR,T,CY,2016,17391,
ESTAT:TPS00176(1.0),27/04/21 23:00:00,A,TOTAL,REACH,TOTAL,NR,T,CY,2017,21306,
ESTAT:TPS00176(1.0),27/04/21 23:00:00,A,TOTAL,REACH,TOTAL,NR,T,CY,2018,23442,
ESTAT:TPS00176(1.0),27/04/21 23:00:00,A,TOTAL,REACH,TOTAL,NR,T,CY,2019,26170,
ESTAT:TPS00176(1.0),27/04/21 23:00:00,A,TOTAL,REACH,TOTAL,NR,T,CZ,2008,108267,b
ESTAT:TPS00176(1.0),27/04/21 23:00:00,A,TOTAL,REACH,TOTAL,NR,T,CZ,2009,75620,
ESTAT:TPS00176(1.0),27/04/21 23:00:00,A,TOTAL,REACH,TOTAL,NR,T,CZ,2010,48317,
ESTAT:TPS00176(1.0),27/04/21 23:00:00,A,TOTAL,REACH,TOTAL,NR,T,CZ,2011,27114,b
ESTAT:TPS00176(1.0),27/04/21 23:00:00,A,TOTAL,REACH,TOTAL,NR,T,CZ,2012,34337,
ESTAT:TPS00176(1.0),27/04/21 23:00:00,A,TOTAL,REACH,TOTAL,NR,T,CZ,2013,30124,b
ESTAT:TPS00176(1.0),27/04/21 23:00:00,A,TOTAL,REACH,TOTAL,NR,T,CZ,2014,29897,
ESTAT:TPS00176(1.0),27/04/21 23:00:00,A,TOTAL,REACH,TOTAL,NR,T,CZ,2015,29602,
ESTAT:TPS00176(1.0),27/04/21 23:00:00,A,TOTAL,REACH,TOTAL,NR,T,CZ,2016,64083,
ESTAT:TPS00176(1.0),27/04/21 23:00:00,A,TOTAL,REACH,TOTAL,NR,T,CZ,2017,51847,
ESTAT:TPS00176(1.0),27/04/21 23:00:00,A,TOTAL,REACH,TOTAL,NR,T,CZ,2018,65910,
ESTAT:TPS00176(1.0),27/04/21 23:00:00,A,TOTAL,REACH,TOTAL,NR,T,CZ,2019,105888,
ESTAT:TPS00176(1.0),27/04/21 23:00:00,A,TOTAL,REACH,TOTAL,NR,T,DE,2008,682146,
ESTAT:TPS00176(1.0),27/04/21 23:00:00,A,TOTAL,REACH,TOTAL,NR,T,DE,2009,346216,b
ESTAT:TPS00176(1.0),27/04/21 23:00:00,A,TOTAL,REACH,TOTAL,NR,T,DE,2010,404055,
ESTAT:TPS00176(1.0),27/04/21 23:00:00,A,TOTAL,REACH,TOTAL,NR,T,DE,2011,489422,
ESTAT:TPS00176(1.0),27/04/21 23:00:00,A,TOTAL,REACH,TOTAL,NR,T,DE,2012,592175,
ESTAT:TPS00176(1.0),27/04/21 23:00:00,A,TOTAL,REACH,TOTAL,NR,T,DE,2013,692713,
ESTAT:TPS00176(1.0),27/04/21 23:00:00,A,TOTAL,REACH,TOTAL,NR,T,DE,2014,884893,e
ESTAT:TPS00176(1.0),27/04/21 23:00:00,A,TOTAL,REACH,TOTAL,NR,T,DE,2015,1571047,e
ESTAT:TPS00176(1.0),27/04/21 23:00:00,A,TOTAL,REACH,TOTAL,NR,T,DE,2016,1029852,b
ESTAT:TPS00176(1.0),27/04/21 23:00:00,A,TOTAL,REACH,TOTAL,NR,T,DE,2017,917109,be
ESTAT:TPS00176(1.0),27/04/21 23:00:00,A,TOTAL,REACH,TOTAL,NR,T,DE,2018,893886,be
ESTAT:TPS00176(1.0),27/04/21 23:00:00,A,TOTAL,REACH,TOTAL,NR,T,DE,2019,886341,be
ESTAT:TPS00176(1.0),27/04/21 23:00:00,A,TOTAL,REACH,TOTAL,NR,T,DK,2008,57357,b
ESTAT:TPS00176(1.0),27/04/21 23:00:00,A,TOTAL,REACH,TOTAL,NR,T,DK,2009,51800,
ESTAT:TPS00176(1.0),27/04/21 23:00:00,A,TOTAL,REACH,TOTAL,NR,T,DK,2010,52236,
ESTAT:TPS00176(1.0),27/04/21 23:00:00,A,TOTAL,REACH,TOTAL,NR,T,DK,2011,52833,
ESTAT:TPS00176(1.0),27/04/21 23:00:00,A,TOTAL,REACH,TOTAL,NR,T,DK,2012,54409,
ESTAT:TPS00176(1.0),27/04/21 23:00:00,A,TOTAL,REACH,TOTAL,NR,T,DK,2013,60312,
ESTAT:TPS00176(1.0),27/04/21 23:00:00,A,TOTAL,REACH,TOTAL,NR,T,DK,2014,68388,
ESTAT:TPS00176(1.0),27/04/21 23:00:00,A,TOTAL,REACH,TOTAL,NR,T,DK,2015,78492,
ESTAT:TPS00176(1.0),27/04/21 23:00:00,A,TOTAL,REACH,TOTAL,NR,T,DK,2016,74383,
ESTAT:TPS00176(1.0),27/04/21 23:00:00,A,TOTAL,REACH,TOTAL,NR,T,DK,2017,68579,
ESTAT:TPS00176(1.0),27/04/21 23:00:00,A,TOTAL,REACH,TOTAL,NR,T,DK,2018,64669,
ESTAT:TPS00176(1.0),27/04/21 23:00:00,A,TOTAL,REACH,TOTAL,NR,T,DK,2019,61384,
ESTAT:TPS00176(1.0),27/04/21 23:00:00,A,TOTAL,REACH,TOTAL,NR,T,EE,2008,3671,
ESTAT:TPS00176(1.0),27/04/21 23:00:00,A,TOTAL,REACH,TOTAL,NR,T,EE,2009,3884,
ESTAT:TPS00176(1.0),27/04/21 23:00:00,A,TOTAL,REACH,TOTAL,NR,T,EE,2010,2810,
ESTAT:TPS00176(1.0),27/04/21 23:00:00,A,TOTAL,REACH,TOTAL,NR,T,EE,2011,3709,
ESTAT:TPS00176(1.0),27/04/21 23:00:00,A,TOTAL,REACH,TOTAL,NR,T,EE,2012,2639,
ESTAT:TPS00176(1.0),27/04/21 23:00:00,A,TOTAL,REACH,TOTAL,NR,T,EE,2013,4109,
ESTAT:TPS00176(1.0),27/04/21 23:00:00,A,TOTAL,REACH,TOTAL,NR,T,EE,2014,3904,
ESTAT:TPS00176(1.0),27/04/21 23:00:00,A,TOTAL,REACH,TOTAL,NR,T,EE,2015,15413,b
ESTAT:TPS00176(1.0),27/04/21 23:00:00,A,TOTAL,REACH,TOTAL,NR,T,EE,2016,14822,
ESTAT:TPS00176(1.0),27/04/21 23:00:00,A,TOTAL,REACH,TOTAL,NR,T,EE,2017,17616,
ESTAT:TPS00176(1.0),27/04/21 23:00:00,A,TOTAL,REACH,TOTAL,NR,T,EE,2018,17547,
ESTAT:TPS00176(1.0),27/04/21 23:00:00,A,TOTAL,REACH,TOTAL,NR,T,EE,2019,18259,
ESTAT:TPS00176(1.0),27/04/21 23:00:00,A,TOTAL,REACH,TOTAL,NR,T,EL,2008,66529,
ESTAT:TPS00176(1.0),27/04/21 23:00:00,A,TOTAL,REACH,TOTAL,NR,T,EL,2009,58613,
ESTAT:TPS00176(1.0),27/04/21 23:00:00,A,TOTAL,REACH,TOTAL,NR,T,EL,2010,60462,
ESTAT:TPS00176(1.0),27/04/21 23:00:00,A,TOTAL,REACH,TOTAL,NR,T,EL,2011,60089,b
ESTAT:TPS00176(1.0),27/04/21 23:00:00,A,TOTAL,REACH,TOTAL,NR,T,EL,2012,58200,
ESTAT:TPS00176(1.0),27/04/21 23:00:00,A,TOTAL,REACH,TOTAL,NR,T,EL,2013,57946,
ESTAT:TPS00176(1.0),27/04/21 23:00:00,A,TOTAL,REACH,TOTAL,NR,T,EL,2014,59013,
ESTAT:TPS00176(1.0),27/04/21 23:00:00,A,TOTAL,REACH,TOTAL,NR,T,EL,2015,64446,b
ESTAT:TPS00176(1.0),27/04/21 23:00:00,A,TOTAL,REACH,TOTAL,NR,T,EL,2016,116867,b
ESTAT:TPS00176(1.0),27/04/21 23:00:00,A,TOTAL,REACH,TOTAL,NR,T,EL,2017,112247,
ESTAT:TPS00176(1.0),27/04/21 23:00:00,A,TOTAL,REACH,TOTAL,NR,T,EL,2018,119489,
ESTAT:TPS00176(1.0),27/04/21 23:00:00,A,TOTAL,REACH,TOTAL,NR,T,EL,2019,129459,
ESTAT:TPS00176(1.0),27/04/21 23:00:00,A,TOTAL,REACH,TOTAL,NR,T,ES,2008,599075,b
ESTAT:TPS00176(1.0),27/04/21 23:00:00,A,TOTAL,REACH,TOTAL,NR,T,ES,2009,392962,
ESTAT:TPS00176(1.0),27/04/21 23:00:00,A,TOTAL,REACH,TOTAL,NR,T,ES,2010,360705,
ESTAT:TPS00176(1.0),27/04/21 23:00:00,A,TOTAL,REACH,TOTAL,NR,T,ES,2011,371331,
ESTAT:TPS00176(1.0),27/04/21 23:00:00,A,TOTAL,REACH,TOTAL,NR,T,ES,2012,304053,
ESTAT:TPS00176(1.0),27/04/21 23:00:00,A,TOTAL,REACH,TOTAL,NR,T,ES,2013,280772,
ESTAT:TPS00176(1.0),27/04/21 23:00:00,A,TOTAL,REACH,TOTAL,NR,T,ES,2014,305454,
ESTAT:TPS00176(1.0),27/04/21 23:00:00,A,TOTAL,REACH,TOTAL,NR,T,ES,2015,342114,
ESTAT:TPS00176(1.0),27/04/21 23:00:00,A,TOTAL,REACH,TOTAL,NR,T,ES,2016,414746,
ESTAT:TPS00176(1.0),27/04/21 23:00:00,A,TOTAL,REACH,TOTAL,NR,T,ES,2017,532132,
ESTAT:TPS00176(1.0),27/04/21 23:00:00,A,TOTAL,REACH,TOTAL,NR,T,ES,2018,643684,
ESTAT:TPS00176(1.0),27/04/21 23:00:00,A,TOTAL,REACH,TOTAL,NR,T,ES,2019,750480,
ESTAT:TPS00176(1.0),27/04/21 23:00:00,A,TOTAL,REACH,TOTAL,NR,T,FI,2008,29114,
ESTAT:TPS00176(1.0),27/04/21 23:00:00,A,TOTAL,REACH,TOTAL,NR,T,FI,2009,26699,
ESTAT:TPS00176(1.0),27/04/21 23:00:00,A,TOTAL,REACH,TOTAL,NR,T,FI,2010,25636,
ESTAT:TPS00176(1.0),27/04/21 23:00:00,A,TOTAL,REACH,TOTAL,NR,T,FI,2011,29481,
ESTAT:TPS00176(1.0),27/04/21 23:00:00,A,TOTAL,REACH,TOTAL,NR,T,FI,2012,31278,
ESTAT:TPS00176(1.0),27/04/21 23:00:00,A,TOTAL,REACH,TOTAL,NR,T,FI,2013,31941,
ESTAT:TPS00176(1.0),27/04/21 23:00:00,A,TOTAL,REACH,TOTAL,NR,T,FI,2014,31507,
ESTAT:TPS00176(1.0),27/04/21 23:00:00,A,TOTAL,REACH,TOTAL,NR,T,FI,2015,28746,
ESTAT:TPS00176(1.0),27/04/21 23:00:00,A,TOTAL,REACH,TOTAL,NR,T,FI,2016,34905,
ESTAT:TPS00176(1.0),27/04/21 23:00:00,A,TOTAL,REACH,TOTAL,NR,T,FI,2017,31797,
ESTAT:TPS00176(1.0),27/04/21 23:00:00,A,TOTAL,REACH,TOTAL,NR,T,FI,2018,31106,
ESTAT:TPS00176(1.0),27/04/21 23:00:00,A,TOTAL,REACH,TOTAL,NR,T,FI,2019,32758,
ESTAT:TPS00176(1.0),27/04/21 23:00:00,A,TOTAL,REACH,TOTAL,NR,T,FR,2008,296608,
ESTAT:TPS00176(1.0),27/04/21 23:00:00,A,TOTAL,REACH,TOTAL,NR,T,FR,2009,296970,
ESTAT:TPS00176(1.0),27/04/21 23:00:00,A,TOTAL,REACH,TOTAL,NR,T,FR,2010,307111,b
ESTAT:TPS00176(1.0),27/04/21 23:00:00,A,TOTAL,REACH,TOTAL,NR,T,FR,2011,319816,
ESTAT:TPS00176(1.0),27/04/21 23:00:00,A,TOTAL,REACH,TOTAL,NR,T,FR,2012,327431,
ESTAT:TPS00176(1.0),27/04/21 23:00:00,A,TOTAL,REACH,TOTAL,NR,T,FR,2013,338752,
ESTAT:TPS00176(1.0),27/04/21 23:00:00,A,TOTAL,REACH,TOTAL,NR,T,FR,2014,340383,
ESTAT:TPS00176(1.0),27/04/21 23:00:00,A,TOTAL,REACH,TOTAL,NR,T,FR,2015,364221,
ESTAT:TPS00176(1.0),27/04/21 23:00:00,A,TOTAL,REACH,TOTAL,NR,T,FR,2016,377709,
ESTAT:TPS00176(1.0),27/04/21 23:00:00,A,TOTAL,REACH,TOTAL,NR,T,FR,2017,369621,
ESTAT:TPS00176(1.0),27/04/21 23:00:00,A,TOTAL,REACH,TOTAL,NR,T,FR,2018,387158,
ESTAT:TPS00176(1.0),27/04/21 23:00:00,A,TOTAL,REACH,TOTAL,NR,T,FR,2019,385591,
ESTAT:TPS00176(1.0),27/04/21 23:00:00,A,TOTAL,REACH,TOTAL,NR,T,HR,2008,16883,b
ESTAT:TPS00176(1.0),27/04/21 23:00:00,A,TOTAL,REACH,TOTAL,NR,T,HR,2009,13213,
ESTAT:TPS00176(1.0),27/04/21 23:00:00,A,TOTAL,REACH,TOTAL,NR,T,HR,2010,8846,
ESTAT:TPS00176(1.0),27/04/21 23:00:00,A,TOTAL,REACH,TOTAL,NR,T,HR,2011,8534,
ESTAT:TPS00176(1.0),27/04/21 23:00:00,A,TOTAL,REACH,TOTAL,NR,T,HR,2012,8959,
ESTAT:TPS00176(1.0),27/04/21 23:00:00,A,TOTAL,REACH,TOTAL,NR,T,HR,2013,10378,
ESTAT:TPS00176(1.0),27/04/21 23:00:00,A,TOTAL,REACH,TOTAL,NR,T,HR,2014,10638,
ESTAT:TPS00176(1.0),27/04/21 23:00:00,A,TOTAL,REACH,TOTAL,NR,T,HR,2015,11706,
ESTAT:TPS00176(1.0),27/04/21 23:00:00,A,TOTAL,REACH,TOTAL,NR,T,HR,2016,13985,
ESTAT:TPS00176(1.0),27/04/21 23:00:00,A,TOTAL,REACH,TOTAL,NR,T,HR,2017,15553,
ESTAT:TPS00176(1.0),27/04/21 23:00:00,A,TOTAL,REACH,TOTAL,NR,T,HR,2018,26029,
ESTAT:TPS00176(1.0),27/04/21 23:00:00,A,TOTAL,REACH,TOTAL,NR,T,HR,2019,37726,
ESTAT:TPS00176(1.0),27/04/21 23:00:00,A,TOTAL,REACH,TOTAL,NR,T,HU,2008,37652,b
ESTAT:TPS00176(1.0),27/04/21 23:00:00,A,TOTAL,REACH,TOTAL,NR,T,HU,2009,27894,
ESTAT:TPS00176(1.0),27/04/21 23:00:00,A,TOTAL,REACH,TOTAL,NR,T,HU,2010,25519,b
ESTAT:TPS00176(1.0),27/04/21 23:00:00,A,TOTAL,REACH,TOTAL,NR,T,HU,2011,28018,
ESTAT:TPS00176(1.0),27/04/21 23:00:00,A,TOTAL,REACH,TOTAL,NR,T,HU,2012,33702,
ESTAT:TPS00176(1.0),27/04/21 23:00:00,A,TOTAL,REACH,TOTAL,NR,T,HU,2013,38968,
ESTAT:TPS00176(1.0),27/04/21 23:00:00,A,TOTAL,REACH,TOTAL,NR,T,HU,2014,54581,
ESTAT:TPS00176(1.0),27/04/21 23:00:00,A,TOTAL,REACH,TOTAL,NR,T,HU,2015,58344,
ESTAT:TPS00176(1.0),27/04/21 23:00:00,A,TOTAL,REACH,TOTAL,NR,T,HU,2016,53618,
ESTAT:TPS00176(1.0),27/04/21 23:00:00,A,TOTAL,REACH,TOTAL,NR,T,HU,2017,68070,
ESTAT:TPS00176(1.0),27/04/21 23:00:00,A,TOTAL,REACH,TOTAL,NR,T,HU,2018,82937,
ESTAT:TPS00176(1.0),27/04/21 23:00:00,A,TOTAL,REACH,TOTAL,NR,T,HU,2019,88581,
ESTAT:TPS00176(1.0),27/04/21 23:00:00,A,TOTAL,REACH,TOTAL,NR,T,IE,2008,82592,
ESTAT:TPS00176(1.0),27/04/21 23:00:00,A,TOTAL,REACH,TOTAL,NR,T,IE,2009,50604,
ESTAT:TPS00176(1.0),27/04/21 23:00:00,A,TOTAL,REACH,TOTAL,NR,T,IE,2010,52339,
ESTAT:TPS00176(1.0),27/04/21 23:00:00,A,TOTAL,REACH,TOTAL,NR,T,IE,2011,57292,b
ESTAT:TPS00176(1.0),27/04/21 23:00:00,A,TOTAL,REACH,TOTAL,NR,T,IE,2012,61324,
ESTAT:TPS00176(1.0),27/04/21 23:00:00,A,TOTAL,REACH,TOTAL,NR,T,IE,2013,65539,
ESTAT:TPS00176(1.0),27/04/21 23:00:00,A,TOTAL,REACH,TOTAL,NR,T,IE,2014,73519,
ESTAT:TPS00176(1.0),27/04/21 23:00:00,A,TOTAL,REACH,TOTAL,NR,T,IE,2015,80792,
ESTAT:TPS00176(1.0),27/04/21 23:00:00,A,TOTAL,REACH,TOTAL,NR,T,IE,2016,85185,
ESTAT:TPS00176(1.0),27/04/21 23:00:00,A,TOTAL,REACH,TOTAL,NR,T,IE,2017,78499,
ESTAT:TPS00176(1.0),27/04/21 23:00:00,A,TOTAL,REACH,TOTAL,NR,T,IE,2018,97712,
ESTAT:TPS00176(1.0),27/04/21 23:00:00,A,TOTAL,REACH,TOTAL,NR,T,IE,2019,85630,
ESTAT:TPS00176(1.0),27/04/21 23:00:00,A,TOTAL,REACH,TOTAL,NR,T,IS,2008,10288,
ESTAT:TPS00176(1.0),27/04/21 23:00:00,A,TOTAL,REACH,TOTAL,NR,T,IS,2009,3921,b
ESTAT:TPS00176(1.0),27/04/21 23:00:00,A,TOTAL,REACH,TOTAL,NR,T,IS,2010,3948,
ESTAT:TPS00176(1.0),27/04/21 23:00:00,A,TOTAL,REACH,TOTAL,NR,T,IS,2011,4073,
ESTAT:TPS00176(1.0),27/04/21 23:00:00,A,TOTAL,REACH,TOTAL,NR,T,IS,2012,4960,
ESTAT:TPS00176(1.0),27/04/21 23:00:00,A,TOTAL,REACH,TOTAL,NR,T,IS,2013,6406,
ESTAT:TPS00176(1.0),27/04/21 23:00:00,A,TOTAL,REACH,TOTAL,NR,T,IS,2014,5368,
ESTAT:TPS00176(1.0),27/04/21 23:00:00,A,TOTAL,REACH,TOTAL,NR,T,IS,2015,5635,
ESTAT:TPS00176(1.0),27/04/21 23:00:00,A,TOTAL,REACH,TOTAL,NR,T,IS,2016,8710,
ESTAT:TPS00176(1.0),27/04/21 23:00:00,A,TOTAL,REACH,TOTAL,NR,T,IS,2017,12116,
ESTAT:TPS00176(1.0),27/04/21 23:00:00,A,TOTAL,REACH,TOTAL,NR,T,IS,2018,11830,
ESTAT:TPS00176(1.0),27/04/21 23:00:00,A,TOTAL,REACH,TOTAL,NR,T,IS,2019,9872,
ESTAT:TPS00176(1.0),27/04/21 23:00:00,A,TOTAL,REACH,TOTAL,NR,T,IT,2008,534712,
ESTAT:TPS00176(1.0),27/04/21 23:00:00,A,TOTAL,REACH,TOTAL,NR,T,IT,2009,442940,
ESTAT:TPS00176(1.0),27/04/21 23:00:00,A,TOTAL,REACH,TOTAL,NR,T,IT,2010,458856,
ESTAT:TPS00176(1.0),27/04/21 23:00:00,A,TOTAL,REACH,TOTAL,NR,T,IT,2011,385793,
ESTAT:TPS00176(1.0),27/04/21 23:00:00,A,TOTAL,REACH,TOTAL,NR,T,IT,2012,350772,
ESTAT:TPS00176(1.0),27/04/21 23:00:00,A,TOTAL,REACH,TOTAL,NR,T,IT,2013,307454,
ESTAT:TPS00176(1.0),27/04/21 23:00:00,A,TOTAL,REACH,TOTAL,NR,T,IT,2014,277631,
ESTAT:TPS00176(1.0),27/04/21 23:00:00,A,TOTAL,REACH,TOTAL,NR,T,IT,2015,280078,
ESTAT:TPS00176(1.0),27/04/21 23:00:00,A,TOTAL,REACH,TOTAL,NR,T,IT,2016,300823,
ESTAT:TPS00176(1.0),27/04/21 23:00:00,A,TOTAL,REACH,TOTAL,NR,T,IT,2017,343440,
ESTAT:TPS00176(1.0),27/04/21 23:00:00,A,TOTAL,REACH,TOTAL,NR,T,IT,2018,332324,
ESTAT:TPS00176(1.0),27/04/21 23:00:00,A,TOTAL,REACH,TOTAL,NR,T,IT,2019,332778,
ESTAT:TPS00176(1.0),27/04/21 23:00:00,A,TOTAL,REACH,TOTAL,NR,T,LI,2008,578,b
ESTAT:TPS00176(1.0),27/04/21 23:00:00,A,TOTAL,REACH,TOTAL,NR,T,LI,2009,584,
ESTAT:TPS00176(1.0),27/04/21 23:00:00,A,TOTAL,REACH,TOTAL,NR,T,LI,2010,591,
ESTAT:TPS00176(1.0),27/04/21 23:00:00,A,TOTAL,REACH,TOTAL,NR,T,LI,2011,650,
ESTAT:TPS00176(1.0),27/04/21 23:00:00,A,TOTAL,REACH,TOTAL,NR,T,LI,2012,671,
ESTAT:TPS00176(1.0),27/04/21 23:00:00,A,TOTAL,REACH,TOTAL,NR,T,LI,2013,696,
ESTAT:TPS00176(1.0),27/04/21 23:00:00,A,TOTAL,REACH,TOTAL,NR,T,LI,2014,615,
ESTAT:TPS00176(1.0),27/04/21 23:00:00,A,TOTAL,REACH,TOTAL,NR,T,LI,2015,657,
ESTAT:TPS00176(1.0),27/04/21 23:00:00,A,TOTAL,REACH,TOTAL,NR,T,LI,2016,607,
ESTAT:TPS00176(1.0),27/04/21 23:00:00,A,TOTAL,REACH,TOTAL,NR,T,LI,2017,645,
ESTAT:TPS00176(1.0),27/04/21 23:00:00,A,TOTAL,REACH,TOTAL,NR,T,LI,2018,649,
ESTAT:TPS00176(1.0),27/04/21 23:00:00,A,TOTAL,REACH,TOTAL,NR,T,LI,2019,727,
ESTAT:TPS00176(1.0),27/04/21 23:00:00,A,TOTAL,REACH,TOTAL,NR,T,LT,2008,9297,
ESTAT:TPS00176(1.0),27/04/21 23:00:00,A,TOTAL,REACH,TOTAL,NR,T,LT,2009,6487,
ESTAT:TPS00176(1.0),27/04/21 23:00:00,A,TOTAL,REACH,TOTAL,NR,T,LT,2010,5213,
ESTAT:TPS00176(1.0),27/04/21 23:00:00,A,TOTAL,REACH,TOTAL,NR,T,LT,2011,15685,
ESTAT:TPS00176(1.0),27/04/21 23:00:00,A,TOTAL,REACH,TOTAL,NR,T,LT,2012,19843,
ESTAT:TPS00176(1.0),27/04/21 23:00:00,A,TOTAL,REACH,TOTAL,NR,T,LT,2013,22011,
ESTAT:TPS00176(1.0),27/04/21 23:00:00,A,TOTAL,REACH,TOTAL,NR,T,LT,2014,24294,
ESTAT:TPS00176(1.0),27/04/21 23:00:00,A,TOTAL,REACH,TOTAL,NR,T,LT,2015,22130,
ESTAT:TPS00176(1.0),27/04/21 23:00:00,A,TOTAL,REACH,TOTAL,NR,T,LT,2016,20162,
ESTAT:TPS00176(1.0),27/04/21 23:00:00,A,TOTAL,REACH,TOTAL,NR,T,LT,2017,20368,
ESTAT:TPS00176(1.0),27/04/21 23:00:00,A,TOTAL,REACH,TOTAL,NR,T,LT,2018,28914,
ESTAT:TPS00176(1.0),27/04/21 23:00:00,A,TOTAL,REACH,TOTAL,NR,T,LT,2019,40067,
ESTAT:TPS00176(1.0),27/04/21 23:00:00,A,TOTAL,REACH,TOTAL,NR,T,LU,2008,17758,
ESTAT:TPS00176(1.0),27/04/21 23:00:00,A,TOTAL,REACH,TOTAL,NR,T,LU,2009,15751,
ESTAT:TPS00176(1.0),27/04/21 23:00:00,A,TOTAL,REACH,TOTAL,NR,T,LU,2010,16962,
ESTAT:TPS00176(1.0),27/04/21 23:00:00,A,TOTAL,REACH,TOTAL,NR,T,LU,2011,20268,
ESTAT:TPS00176(1.0),27/04/21 23:00:00,A,TOTAL,REACH,TOTAL,NR,T,LU,2012,20478,
ESTAT:TPS00176(1.0),27/04/21 23:00:00,A,TOTAL,REACH,TOTAL,NR,T,LU,2013,21098,
ESTAT:TPS00176(1.0),27/04/21 23:00:00,A,TOTAL,REACH,TOTAL,NR,T,LU,2014,22332,
ESTAT:TPS00176(1.0),27/04/21 23:00:00,A,TOTAL,REACH,TOTAL,NR,T,LU,2015,23803,
ESTAT:TPS00176(1.0),27/04/21 23:00:00,A,TOTAL,REACH,TOTAL,NR,T,LU,2016,22888,
ESTAT:TPS00176(1.0),27/04/21 23:00:00,A,TOTAL,REACH,TOTAL,NR,T,LU,2017,24379,
ESTAT:TPS00176(1.0),27/04/21 23:00:00,A,TOTAL,REACH,TOTAL,NR,T,LU,2018,24644,
ESTAT:TPS00176(1.0),27/04/21 23:00:00,A,TOTAL,REACH,TOTAL,NR,T,LU,2019,26668,
ESTAT:TPS00176(1.0),27/04/21 23:00:00,A,TOTAL,REACH,TOTAL,NR,T,LV,2008,4678,
ESTAT:TPS00176(1.0),27/04/21 23:00:00,A,TOTAL,REACH,TOTAL,NR,T,LV,2009,3731,
ESTAT:TPS00176(1.0),27/04/21 23:00:00,A,TOTAL,REACH,TOTAL,NR,T,LV,2010,4011,
ESTAT:TPS00176(1.0),27/04/21 23:00:00,A,TOTAL,REACH,TOTAL,NR,T,LV,2011,10234,
ESTAT:TPS00176(1.0),27/04/21 23:00:00,A,TOTAL,REACH,TOTAL,NR,T,LV,2012,13303,
ESTAT:TPS00176(1.0),27/04/21 23:00:00,A,TOTAL,REACH,TOTAL,NR,T,LV,2013,8299,
ESTAT:TPS00176(1.0),27/04/21 23:00:00,A,TOTAL,REACH,TOTAL,NR,T,LV,2014,10365,
ESTAT:TPS00176(1.0),27/04/21 23:00:00,A,TOTAL,REACH,TOTAL,NR,T,LV,2015,9479,
ESTAT:TPS00176(1.0),27/04/21 23:00:00,A,TOTAL,REACH,TOTAL,NR,T,LV,2016,8345,
ESTAT:TPS00176(1.0),27/04/21 23:00:00,A,TOTAL,REACH,TOTAL,NR,T,LV,2017,9916,
ESTAT:TPS00176(1.0),27/04/21 23:00:00,A,TOTAL,REACH,TOTAL,NR,T,LV,2018,10909,
ESTAT:TPS00176(1.0),27/04/21 23:00:00,A,TOTAL,REACH,TOTAL,NR,T,LV,2019,11223,
ESTAT:TPS00176(1.0),27/04/21 23:00:00,A,TOTAL,REACH,TOTAL,NR,T,ME,2010,5749,
ESTAT:TPS00176(1.0),27/04/21 23:00:00,A,TOTAL,REACH,TOTAL,NR,T,ME,2011,6025,
ESTAT:TPS00176(1.0),27/04/21 23:00:00,A,TOTAL,REACH,TOTAL,NR,T,ME,2012,5727,
ESTAT:TPS00176(1.0),27/04/21 23:00:00,A,TOTAL,REACH,TOTAL,NR,T,ME,2013,5112,
ESTAT:TPS00176(1.0),27/04/21 23:00:00,A,TOTAL,REACH,TOTAL,NR,T,ME,2014,5353,
ESTAT:TPS00176(1.0),27/04/21 23:00:00,A,TOTAL,REACH,TOTAL,NR,T,ME,2015,4553,
ESTAT:TPS00176(1.0),27/04/21 23:00:00,A,TOTAL,REACH,TOTAL,NR,T,ME,2016,4904,
ESTAT:TPS00176(1.0),27/04/21 23:00:00,A,TOTAL,REACH,TOTAL,NR,T,ME,2017,6684,
ESTAT:TPS00176(1.0),27/04/21 23:00:00,A,TOTAL,REACH,TOTAL,NR,T,ME,2018,8643,
ESTAT:TPS00176(1.0),27/04/21 23:00:00,A,TOTAL,REACH,TOTAL,NR,T,ME,2019,10737,
ESTAT:TPS00176(1.0),27/04/21 23:00:00,A,TOTAL,REACH,TOTAL,NR,T,MK,2008,1052,
ESTAT:TPS00176(1.0),27/04/21 23:00:00,A,TOTAL,REACH,TOTAL,NR,T,MK,2009,857,
ESTAT:TPS00176(1.0),27/04/21 23:00:00,A,TOTAL,REACH,TOTAL,NR,T,MK,2010,1359,
ESTAT:TPS00176(1.0),27/04/21 23:00:00,A,TOTAL,REACH,TOTAL,NR,T,MK,2011,1464,
ESTAT:TPS00176(1.0),27/04/21 23:00:00,A,TOTAL,REACH,TOTAL,NR,T,MK,2012,1715,
ESTAT:TPS00176(1.0),27/04/21 23:00:00,A,TOTAL,REACH,TOTAL,NR,T,MK,2013,2050,
ESTAT:TPS00176(1.0),27/04/21 23:00:00,A,TOTAL,REACH,TOTAL,NR,T,MK,2014,1935,
ESTAT:TPS00176(1.0),27/04/21 23:00:00,A,TOTAL,REACH,TOTAL,NR,T,MK,2015,1741,
ESTAT:TPS00176(1.0),27/04/21 23:00:00,A,TOTAL,REACH,TOTAL,NR,T,MK,2016,2262,
ESTAT:TPS00176(1.0),27/04/21 23:00:00,A,TOTAL,REACH,TOTAL,NR,T,MK,2017,2064,
ESTAT:TPS00176(1.0),27/04/21 23:00:00,A,TOTAL,REACH,TOTAL,NR,T,MK,2018,2053,
ESTAT:TPS00176(1.0),27/04/21 23:00:00,A,TOTAL,REACH,TOTAL,NR,T,MK,2019,2118,
ESTAT:TPS00176(1.0),27/04/21 23:00:00,A,TOTAL,REACH,TOTAL,NR,T,MT,2008,6043,
ESTAT:TPS00176(1.0),27/04/21 23:00:00,A,TOTAL,REACH,TOTAL,NR,T,MT,2009,6161,
ESTAT:TPS00176(1.0),27/04/21 23:00:00,A,TOTAL,REACH,TOTAL,NR,T,MT,2010,4275,
ESTAT:TPS00176(1.0),27/04/21 23:00:00,A,TOTAL,REACH,TOTAL,NR,T,MT,2011,5465,
ESTAT:TPS00176(1.0),27/04/21 23:00:00,A,TOTAL,REACH,TOTAL,NR,T,MT,2012,8256,
ESTAT:TPS00176(1.0),27/04/21 23:00:00,A,TOTAL,REACH,TOTAL,NR,T,MT,2013,10897,
ESTAT:TPS00176(1.0),27/04/21 23:00:00,A,TOTAL,REACH,TOTAL,NR,T,MT,2014,14454,
ESTAT:TPS00176(1.0),27/04/21 23:00:00,A,TOTAL,REACH,TOTAL,NR,T,MT,2015,16936,
ESTAT:TPS00176(1.0),27/04/21 23:00:00,A,TOTAL,REACH,TOTAL,NR,T,MT,2016,17051,
ESTAT:TPS00176(1.0),27/04/21 23:00:00,A,TOTAL,REACH,TOTAL,NR,T,MT,2017,21676,
ESTAT:TPS00176(1.0),27/04/21 23:00:00,A,TOTAL,REACH,TOTAL,NR,T,MT,2018,26444,
ESTAT:TPS00176(1.0),27/04/21 23:00:00,A,TOTAL,REACH,TOTAL,NR,T,MT,2019,28341,
ESTAT:TPS00176(1.0),27/04/21 23:00:00,A,TOTAL,REACH,TOTAL,NR,T,NL,2008,143516,
ESTAT:TPS00176(1.0),27/04/21 23:00:00,A,TOTAL,REACH,TOTAL,NR,T,NL,2009,122917,b
ESTAT:TPS00176(1.0),27/04/21 23:00:00,A,TOTAL,REACH,TOTAL,NR,T,NL,2010,126776,
ESTAT:TPS00176(1.0),27/04/21 23:00:00,A,TOTAL,REACH,TOTAL,NR,T,NL,2011,130118,
ESTAT:TPS00176(1.0),27/04/21 23:00:00,A,TOTAL,REACH,TOTAL,NR,T,NL,2012,124566,
ESTAT:TPS00176(1.0),27/04/21 23:00:00,A,TOTAL,REACH,TOTAL,NR,T,NL,2013,129428,
ESTAT:TPS00176(1.0),27/04/21 23:00:00,A,TOTAL,REACH,TOTAL,NR,T,NL,2014,145323,
ESTAT:TPS00176(1.0),27/04/21 23:00:00,A,TOTAL,REACH,TOTAL,NR,T,NL,2015,166872,
ESTAT:TPS00176(1.0),27/04/21 23:00:00,A,TOTAL,REACH,TOTAL,NR,T,NL,2016,189232,
ESTAT:TPS00176(1.0),27/04/21 23:00:00,A,TOTAL,REACH,TOTAL,NR,T,NL,2017,189646,
ESTAT:TPS00176(1.0),27/04/21 23:00:00,A,TOTAL,REACH,TOTAL,NR,T,NL,2018,194306,
ESTAT:TPS00176(1.0),27/04/21 23:00:00,A,TOTAL,REACH,TOTAL,NR,T,NL,2019,215756,
ESTAT:TPS00176(1.0),27/04/21 23:00:00,A,TOTAL,REACH,TOTAL,NR,T,NO,2008,58123,b
ESTAT:TPS00176(1.0),27/04/21 23:00:00,A,TOTAL,REACH,TOTAL,NR,T,NO,2009,55953,
ESTAT:TPS00176(1.0),27/04/21 23:00:00,A,TOTAL,REACH,TOTAL,NR,T,NO,2010,69214,
ESTAT:TPS00176(1.0),27/04/21 23:00:00,A,TOTAL,REACH,TOTAL,NR,T,NO,2011,70337,
ESTAT:TPS00176(1.0),27/04/21 23:00:00,A,TOTAL,REACH,TOTAL,NR,T,NO,2012,69908,
ESTAT:TPS00176(1.0),27/04/21 23:00:00,A,TOTAL,REACH,TOTAL,NR,T,NO,2013,68313,
ESTAT:TPS00176(1.0),27/04/21 23:00:00,A,TOTAL,REACH,TOTAL,NR,T,NO,2014,66903,
ESTAT:TPS00176(1.0),27/04/21 23:00:00,A,TOTAL,REACH,TOTAL,NR,T,NO,2015,60816,
ESTAT:TPS00176(1.0),27/04/21 23:00:00,A,TOTAL,REACH,TOTAL,NR,T,NO,2016,61460,
ESTAT:TPS00176(1.0),27/04/21 23:00:00,A,TOTAL,REACH,TOTAL,NR,T,NO,2017,53351,
ESTAT:TPS00176(1.0),27/04/21 23:00:00,A,TOTAL,REACH,TOTAL,NR,T,NO,2018,47864,
ESTAT:TPS00176(1.0),27/04/21 23:00:00,A,TOTAL,REACH,TOTAL,NR,T,NO,2019,48680,
ESTAT:TPS00176(1.0),27/04/21 23:00:00,A,TOTAL,REACH,TOTAL,NR,T,PL,2008,15275,
ESTAT:TPS00176(1.0),27/04/21 23:00:00,A,TOTAL,REACH,TOTAL,NR,T,PL,2009,189166,b
ESTAT:TPS00176(1.0),27/04/21 23:00:00,A,TOTAL,REACH,TOTAL,NR,T,PL,2010,155131,
ESTAT:TPS00176(1.0),27/04/21 23:00:00,A,TOTAL,REACH,TOTAL,NR,T,PL,2011,157059,
ESTAT:TPS00176(1.0),27/04/21 23:00:00,A,TOTAL,REACH,TOTAL,NR,T,PL,2012,217546,
ESTAT:TPS00176(1.0),27/04/21 23:00:00,A,TOTAL,REACH,TOTAL,NR,T,PL,2013,220311,
ESTAT:TPS00176(1.0),27/04/21 23:00:00,A,TOTAL,REACH,TOTAL,NR,T,PL,2014,222275,p
ESTAT:TPS00176(1.0),27/04/21 23:00:00,A,TOTAL,REACH,TOTAL,NR,T,PL,2015,218147,p
ESTAT:TPS00176(1.0),27/04/21 23:00:00,A,TOTAL,REACH,TOTAL,NR,T,PL,2016,208302,ep
ESTAT:TPS00176(1.0),27/04/21 23:00:00,A,TOTAL,REACH,TOTAL,NR,T,PL,2017,209353,ep
ESTAT:TPS00176(1.0),27/04/21 23:00:00,A,TOTAL,REACH,TOTAL,NR,T,PL,2018,214083,ep
ESTAT:TPS00176(1.0),27/04/21 23:00:00,A,TOTAL,REACH,TOTAL,NR,T,PL,2019,226649,ep
ESTAT:TPS00176(1.0),27/04/21 23:00:00,A,TOTAL,REACH,TOTAL,NR,T,PT,2008,29718,
ESTAT:TPS00176(1.0),27/04/21 23:00:00,A,TOTAL,REACH,TOTAL,NR,T,PT,2009,32307,
ESTAT:TPS00176(1.0),27/04/21 23:00:00,A,TOTAL,REACH,TOTAL,NR,T,PT,2010,27575,
ESTAT:TPS00176(1.0),27/04/21 23:00:00,A,TOTAL,REACH,TOTAL,NR,T,PT,2011,19667,
ESTAT:TPS00176(1.0),27/04/21 23:00:00,A,TOTAL,REACH,TOTAL,NR,T,PT,2012,14606,
ESTAT:TPS00176(1.0),27/04/21 23:00:00,A,TOTAL,REACH,TOTAL,NR,T,PT,2013,17554,
ESTAT:TPS00176(1.0),27/04/21 23:00:00,A,TOTAL,REACH,TOTAL,NR,T,PT,2014,19516,
ESTAT:TPS00176(1.0),27/04/21 23:00:00,A,TOTAL,REACH,TOTAL,NR,T,PT,2015,29896,e
ESTAT:TPS00176(1.0),27/04/21 23:00:00,A,TOTAL,REACH,TOTAL,NR,T,PT,2016,29925,e
ESTAT:TPS00176(1.0),27/04/21 23:00:00,A,TOTAL,REACH,TOTAL,NR,T,PT,2017,36639,e
ESTAT:TPS00176(1.0),27/04/21 23:00:00,A,TOTAL,REACH,TOTAL,NR,T,PT,2018,43170,
ESTAT:TPS00176(1.0),27/04/21 23:00:00,A,TOTAL,REACH,TOTAL,NR,T,PT,2019,72725,
ESTAT:TPS00176(1.0),27/04/21 23:00:00,A,TOTAL,REACH,TOTAL,NR,T,RO,2008,138929,b
ESTAT:TPS00176(1.0),27/04/21 23:00:00,A,TOTAL,REACH,TOTAL,NR,T,RO,2009,135844,
ESTAT:TPS00176(1.0),27/04/21 23:00:00,A,TOTAL,REACH,TOTAL,NR,T,RO,2010,149885,
ESTAT:TPS00176(1.0),27/04/21 23:00:00,A,TOTAL,REACH,TOTAL,NR,T,RO,2011,147685,
ESTAT:TPS00176(1.0),27/04/21 23:00:00,A,TOTAL,REACH,TOTAL,NR,T,RO,2012,167266,
ESTAT:TPS00176(1.0),27/04/21 23:00:00,A,TOTAL,REACH,TOTAL,NR,T,RO,2013,153646,
ESTAT:TPS00176(1.0),27/04/21 23:00:00,A,TOTAL,REACH,TOTAL,NR,T,RO,2014,136035,
ESTAT:TPS00176(1.0),27/04/21 23:00:00,A,TOTAL,REACH,TOTAL,NR,T,RO,2015,132795,e
ESTAT:TPS00176(1.0),27/04/21 23:00:00,A,TOTAL,REACH,TOTAL,NR,T,RO,2016,137455,
ESTAT:TPS00176(1.0),27/04/21 23:00:00,A,TOTAL,REACH,TOTAL,NR,T,RO,2017,177435,e
ESTAT:TPS00176(1.0),27/04/21 23:00:00,A,TOTAL,REACH,TOTAL,NR,T,RO,2018,172578,e
ESTAT:TPS00176(1.0),27/04/21 23:00:00,A,TOTAL,REACH,TOTAL,NR,T,RO,2019,202422,e
ESTAT:TPS00176(1.0),27/04/21 23:00:00,A,TOTAL,REACH,TOTAL,NR,T,SE,2008,101171,
ESTAT:TPS00176(1.0),27/04/21 23:00:00,A,TOTAL,REACH,TOTAL,NR,T,SE,2009,102280,
ESTAT:TPS00176(1.0),27/04/21 23:00:00,A,TOTAL,REACH,TOTAL,NR,T,SE,2010,98801,
ESTAT:TPS00176(1.0),27/04/21 23:00:00,A,TOTAL,REACH,TOTAL,NR,T,SE,2011,96467,
ESTAT:TPS00176(1.0),27/04/21 23:00:00,A,TOTAL,REACH,TOTAL,NR,T,SE,2012,103059,
ESTAT:TPS00176(1.0),27/04/21 23:00:00,A,TOTAL,REACH,TOTAL,NR,T,SE,2013,115845,
ESTAT:TPS00176(1.0),27/04/21 23:00:00,A,TOTAL,REACH,TOTAL,NR,T,SE,2014,126966,
ESTAT:TPS00176(1.0),27/04/21 23:00:00,A,TOTAL,REACH,TOTAL,NR,T,SE,2015,134240,
ESTAT:TPS00176(1.0),27/04/21 23:00:00,A,TOTAL,REACH,TOTAL,NR,T,SE,2016,163005,
ESTAT:TPS00176(1.0),27/04/21 23:00:00,A,TOTAL,REACH,TOTAL,NR,T,SE,2017,144489,
ESTAT:TPS00176(1.0),27/04/21 23:00:00,A,TOTAL,REACH,TOTAL,NR,T,SE,2018,132602,
ESTAT:TPS00176(1.0),27/04/21 23:00:00,A,TOTAL,REACH,TOTAL,NR,T,SE,2019,115805,
ESTAT:TPS00176(1.0),27/04/21 23:00:00,A,TOTAL,REACH,TOTAL,NR,T,SI,2008,30693,b
ESTAT:TPS00176(1.0),27/04/21 23:00:00,A,TOTAL,REACH,TOTAL,NR,T,SI,2009,30296,
ESTAT:TPS00176(1.0),27/04/21 23:00:00,A,TOTAL,REACH,TOTAL,NR,T,SI,2010,15416,
ESTAT:TPS00176(1.0),27/04/21 23:00:00,A,TOTAL,REACH,TOTAL,NR,T,SI,2011,14083,
ESTAT:TPS00176(1.0),27/04/21 23:00:00,A,TOTAL,REACH,TOTAL,NR,T,SI,2012,15022,
ESTAT:TPS00176(1.0),27/04/21 23:00:00,A,TOTAL,REACH,TOTAL,NR,T,SI,2013,13871,
ESTAT:TPS00176(1.0),27/04/21 23:00:00,A,TOTAL,REACH,TOTAL,NR,T,SI,2014,13846,
ESTAT:TPS00176(1.0),27/04/21 23:00:00,A,TOTAL,REACH,TOTAL,NR,T,SI,2015,15420,
ESTAT:TPS00176(1.0),27/04/21 23:00:00,A,TOTAL,REACH,TOTAL,NR,T,SI,2016,16623,
ESTAT:TPS00176(1.0),27/04/21 23:00:00,A,TOTAL,REACH,TOTAL,NR,T,SI,2017,18808,
ESTAT:TPS00176(1.0),27/04/21 23:00:00,A,TOTAL,REACH,TOTAL,NR,T,SI,2018,28455,
ESTAT:TPS00176(1.0),27/04/21 23:00:00,A,TOTAL,REACH,TOTAL,NR,T,SI,2019,31319,
ESTAT:TPS00176(1.0),27/04/21 23:00:00,A,TOTAL,REACH,TOTAL,NR,T,SK,2008,8765,
ESTAT:TPS00176(1.0),27/04/21 23:00:00,A,TOTAL,REACH,TOTAL,NR,T,SK,2009,6346,
ESTAT:TPS00176(1.0),27/04/21 23:00:00,A,TOTAL,REACH,TOTAL,NR,T,SK,2010,5272,
ESTAT:TPS00176(1.0),27/04/21 23:00:00,A,TOTAL,REACH,TOTAL,NR,T,SK,2011,4829,
ESTAT:TPS00176(1.0),27/04/21 23:00:00,A,TOTAL,REACH,TOTAL,NR,T,SK,2012,5419,p
ESTAT:TPS00176(1.0),27/04/21 23:00:00,A,TOTAL,REACH,TOTAL,NR,T,SK,2013,5149,p
ESTAT:TPS00176(1.0),27/04/21 23:00:00,A,TOTAL,REACH,TOTAL,NR,T,SK,2014,5357,p
ESTAT:TPS00176(1.0),27/04/21 23:00:00,A,TOTAL,REACH,TOTAL,NR,T,SK,2015,6997,p
ESTAT:TPS00176(1.0),27/04/21 23:00:00,A,TOTAL,REACH,TOTAL,NR,T,SK,2016,7686,p
ESTAT:TPS00176(1.0),27/04/21 23:00:00,A,TOTAL,REACH,TOTAL,NR,T,SK,2017,7188,p
ESTAT:TPS00176(1.0),27/04/21 23:00:00,A,TOTAL,REACH,TOTAL,NR,T,SK,2018,7253,p
ESTAT:TPS00176(1.0),27/04/21 23:00:00,A,TOTAL,REACH,TOTAL,NR,T,SK,2019,7016,p
ESTAT:TPS00176(1.0),27/04/21 23:00:00,A,TOTAL,REACH,TOTAL,NR,T,UK,2008,590242,b
ESTAT:TPS00176(1.0),27/04/21 23:00:00,A,TOTAL,REACH,TOTAL,NR,T,UK,2009,566514,
ESTAT:TPS00176(1.0),27/04/21 23:00:00,A,TOTAL,REACH,TOTAL,NR,T,UK,2010,590950,
ESTAT:TPS00176(1.0),27/04/21 23:00:00,A,TOTAL,REACH,TOTAL,NR,T,UK,2011,566044,
ESTAT:TPS00176(1.0),27/04/21 23:00:00,A,TOTAL,REACH,TOTAL,NR,T,UK,2012,498040,
ESTAT:TPS00176(1.0),27/04/21 23:00:00,A,TOTAL,REACH,TOTAL,NR,T,UK,2013,526046,
ESTAT:TPS00176(1.0),27/04/21 23:00:00,A,TOTAL,REACH,TOTAL,NR,T,UK,2014,631991,
ESTAT:TPS00176(1.0),27/04/21 23:00:00,A,TOTAL,REACH,TOTAL,NR,T,UK,2015,631452,
ESTAT:TPS00176(1.0),27/04/21 23:00:00,A,TOTAL,REACH,TOTAL,NR,T,UK,2016,588993,
ESTAT:TPS00176(1.0),27/04/21 23:00:00,A,TOTAL,REACH,TOTAL,NR,T,UK,2017,644209,
ESTAT:TPS00176(1.0),27/04/21 23:00:00,A,TOTAL,REACH,TOTAL,NR,T,UK,2018,603953,p
ESTAT:TPS00176(1.0),27/04/21 23:00:00,A,TOTAL,REACH,TOTAL,NR,T,UK,2019,680906,
